frame,track_id,class,confidence,x1,y1,x2,y2,speed_kmh,violation
1,1,car,0.391,121,183,167,212,,
2,1,car,0.406,119,185,161,213,,
4,2,car,0.363,114,193,151,215,,
5,2,car,0.387,112,194,144,218,,
6,3,car,0.423,92,199,140,220,,
6,2,car,0.327,114,195,144,218,,
7,3,car,0.455,86,195,141,221,,
8,3,car,0.517,80,197,134,223,,
10,3,car,0.408,68,197,116,227,,
11,3,car,0.572,59,198,114,228,,
12,3,car,0.564,59,198,114,228,,
13,3,car,0.549,54,199,108,231,,
14,3,car,0.667,45,204,101,233,,
15,3,car,0.531,39,202,96,236,,
16,3,car,0.482,37,203,89,237,,
17,3,car,0.541,37,204,81,239,,
18,3,car,0.539,37,204,81,239,,
19,3,car,0.561,37,207,74,240,,
20,5,car,0.720,607,192,649,222,,
20,4,car,0.697,331,365,447,475,,
20,8,car,0.617,329,169,363,193,,
20,3,car,0.577,37,209,68,241,,
20,6,car,0.521,646,178,675,199,,
20,7,car,0.491,382,136,417,169,,
21,4,car,0.771,339,363,453,460,,
21,5,car,0.757,606,189,646,219,,
21,8,car,0.552,326,170,363,195,,
21,6,car,0.468,643,177,674,198,,
21,7,car,0.406,381,136,417,168,,
22,4,car,0.536,344,353,451,464,,
22,5,car,0.310,604,189,643,217,,
23,4,car,0.703,357,340,455,425,,
23,8,car,0.519,316,166,354,193,,
24,4,car,0.771,356,341,456,427,,
24,5,car,0.669,601,186,642,212,,
24,8,car,0.541,316,167,352,194,,
26,10,car,0.760,470,403,600,513,,
26,9,car,0.662,787,206,835,245,,
26,11,car,0.552,622,147,655,172,,
26,12,car,0.511,390,189,439,225,,
26,13,car,0.420,840,187,879,218,,
27,10,car,0.786,481,391,606,496,,
27,11,car,0.680,623,146,655,170,,
27,9,car,0.656,787,206,834,241,,
27,12,car,0.635,386,191,438,225,,
27,13,car,0.551,835,185,877,216,,
28,10,car,0.811,489,383,609,485,,
28,9,car,0.667,784,203,832,239,,
28,11,car,0.662,624,144,656,169,,
28,12,car,0.660,382,192,434,227,,
28,13,car,0.605,833,183,874,215,,
28,14,car,0.531,756,159,783,181,,
29,10,car,0.810,497,373,614,470,,
29,9,car,0.673,784,202,832,237,,
29,12,car,0.670,378,191,429,229,,
29,11,car,0.642,625,143,656,168,,
29,13,car,0.513,832,183,872,215,,
29,14,car,0.477,755,158,783,181,,
29,15,car,0.394,463,144,512,193,,
30,10,car,0.804,497,373,614,470,,
30,9,car,0.680,784,202,832,237,,
30,12,car,0.670,378,191,429,229,,
30,11,car,0.628,625,143,656,168,,
30,13,car,0.529,832,183,872,215,,
30,14,car,0.524,755,158,783,181,,
30,15,car,0.407,463,143,514,193,,
31,10,car,0.836,506,362,619,457,,
31,9,car,0.661,783,201,834,237,,
31,11,car,0.612,625,143,656,167,,
31,13,car,0.577,831,182,871,214,,
31,12,car,0.555,374,189,427,232,,
31,14,car,0.518,755,158,783,180,,
31,15,car,0.443,460,143,512,194,,
32,10,car,0.852,514,355,621,446,,
32,9,car,0.698,781,199,831,235,,
32,13,car,0.595,832,181,870,213,,
32,11,car,0.588,626,142,657,167,,
32,12,car,0.587,368,189,423,234,,
32,15,car,0.552,457,143,511,195,,
32,14,car,0.532,755,158,783,179,,
32,16,car,0.378,584,119,606,136,,
33,10,car,0.788,524,339,629,424,,
33,9,car,0.676,781,196,830,231,,
33,13,car,0.609,827,179,866,209,,
33,12,car,0.556,359,198,415,241,,
33,11,car,0.420,631,140,659,165,,
33,15,car,0.374,453,144,507,197,,
33,14,car,0.304,754,157,782,178,,
34,10,car,0.789,524,339,629,424,,
34,9,car,0.676,781,196,830,231,,
34,13,car,0.611,827,179,866,209,,
34,12,car,0.560,359,198,415,241,,
34,11,car,0.420,631,140,659,165,,
34,15,car,0.372,453,144,507,197,,
34,14,car,0.303,754,157,782,178,,
35,10,car,0.785,530,332,632,416,,
35,9,car,0.714,780,192,828,229,,
35,12,car,0.676,355,202,411,243,,
35,13,car,0.541,825,177,865,207,,
35,11,car,0.477,632,137,660,164,,
35,14,car,0.395,753,155,784,178,,
35,15,car,0.369,449,149,504,198,,
36,10,car,0.784,530,332,632,416,,
36,9,car,0.715,780,192,827,229,,
36,12,car,0.679,355,202,411,243,,
36,13,car,0.546,825,177,865,207,,
36,11,car,0.478,632,137,660,164,,
36,14,car,0.415,753,155,783,178,,
36,15,car,0.356,449,149,504,198,,
37,10,car,0.800,539,324,634,405,,
37,9,car,0.672,779,192,831,228,,
37,12,car,0.619,349,204,407,245,,
37,11,car,0.522,633,137,662,164,,
37,13,car,0.440,824,178,862,205,,
37,15,car,0.408,447,150,499,199,,
37,14,car,0.374,753,154,783,177,,
38,10,car,0.768,544,318,639,396,,
38,12,car,0.724,343,206,403,247,,
38,9,car,0.643,777,193,830,226,,
38,11,car,0.540,632,138,663,163,,
38,13,car,0.456,824,178,858,203,,
38,15,car,0.415,444,151,499,200,,
38,14,car,0.359,753,154,782,176,,
39,10,car,0.783,548,310,641,388,,
39,9,car,0.675,776,191,829,225,,
39,12,car,0.633,338,207,398,251,,
39,11,car,0.604,634,137,664,162,,
39,15,car,0.482,441,154,497,203,,
39,13,car,0.388,823,177,857,203,,
39,14,car,0.301,752,153,781,175,,
40,10,car,0.724,554,306,642,380,,
40,9,car,0.716,776,189,828,224,,
40,11,car,0.615,635,135,664,160,,
40,15,car,0.503,438,153,492,203,,
40,12,car,0.451,333,208,393,253,,
40,13,car,0.362,822,175,854,201,,
40,14,car,0.328,751,151,780,174,,
41,9,car,0.729,774,188,819,221,,
41,10,car,0.697,559,300,646,372,,
41,11,car,0.639,635,134,665,159,,
41,15,car,0.495,433,154,489,206,,
41,13,car,0.445,815,172,853,200,,
41,17,car,0.414,327,205,422,256,,
41,12,car,0.373,326,209,390,256,,
41,14,car,0.298,749,154,777,174,,
42,9,car,0.728,774,188,819,221,,
42,10,car,0.700,559,300,646,372,,
42,11,car,0.639,635,134,665,159,,
42,15,car,0.496,433,154,489,206,,
42,13,car,0.445,815,172,853,200,,
42,17,car,0.427,327,205,425,256,,
42,12,car,0.375,326,209,390,256,,
42,14,car,0.300,749,154,777,174,,
43,10,car,0.779,562,294,646,365,,
43,9,car,0.638,774,186,814,218,,
43,11,car,0.605,636,133,665,158,,
43,13,car,0.419,817,173,851,199,,
43,15,car,0.399,430,154,489,208,,
43,17,car,0.338,321,203,425,258,,
43,12,car,0.277,320,215,383,258,,
44,10,car,0.761,567,290,650,357,,
44,9,car,0.603,773,183,816,217,,
44,11,car,0.563,636,132,664,156,,
44,12,car,0.512,314,215,378,260,,
44,13,car,0.465,817,173,849,198,,
44,15,car,0.315,427,154,485,209,,
45,10,car,0.721,571,284,650,352,,
45,9,car,0.556,773,185,811,214,,
45,11,car,0.510,637,133,665,158,,
45,13,car,0.432,814,169,849,196,,
45,17,car,0.375,309,201,425,262,,
45,15,truck,0.303,424,154,481,210,,
46,10,car,0.766,575,277,654,344,,
46,15,car,0.568,417,156,477,214,,
46,12,car,0.560,303,220,368,266,,
46,11,car,0.539,638,133,667,158,,
46,9,car,0.393,772,184,810,213,,
46,13,car,0.330,814,169,847,195,,
47,10,car,0.755,577,274,656,338,,
47,12,car,0.631,297,223,363,268,,
47,11,car,0.542,640,132,667,157,,
47,9,car,0.495,771,183,813,214,,
47,15,car,0.349,415,156,476,215,,
47,13,car,0.330,813,167,846,195,,
48,10,car,0.753,577,274,656,338,,
48,12,car,0.621,297,223,363,269,,
48,11,car,0.546,640,132,667,157,,
48,9,car,0.493,771,183,812,213,,
48,15,car,0.333,415,156,476,215,,
48,13,car,0.323,813,167,845,195,,
49,10,car,0.792,581,271,659,334,,
49,12,car,0.672,291,222,360,273,,
49,9,car,0.579,770,181,817,213,,
49,11,car,0.566,640,132,668,157,,
49,15,truck,0.458,413,155,474,216,,
49,13,car,0.286,810,168,844,194,,
50,10,car,0.723,584,267,659,326,,
50,12,car,0.693,283,225,353,275,,
50,11,car,0.568,641,132,668,155,,
50,9,car,0.517,768,181,814,211,,
50,15,truck,0.410,409,157,472,218,,
50,13,car,0.397,808,165,844,194,,
50,14,car,0.357,747,147,772,167,,
51,10,car,0.808,587,261,661,322,,
51,12,car,0.723,277,229,348,279,,
51,11,car,0.579,644,131,669,154,,
51,13,car,0.466,806,164,842,193,,
51,9,car,0.408,766,180,815,210,,
51,15,truck,0.383,407,159,468,219,,
52,10,car,0.788,590,258,663,318,,
52,15,car,0.705,402,161,467,221,,
52,12,car,0.671,269,231,343,283,,
52,13,car,0.529,805,163,841,192,,
52,11,car,0.509,645,131,669,153,,
52,9,car,0.352,767,178,813,208,,
52,14,car,0.276,747,146,772,167,,
53,10,car,0.741,596,255,665,311,,
53,12,car,0.665,262,234,336,288,,
53,11,car,0.572,647,131,670,151,,
53,15,bus,0.478,398,160,464,222,,
53,13,car,0.463,805,163,840,191,,
54,10,car,0.740,596,255,665,311,,
54,12,car,0.689,262,234,336,288,,
54,11,car,0.572,647,130,670,151,,
54,13,car,0.487,805,163,840,191,,
54,15,bus,0.472,398,160,463,222,,
54,18,car,0.395,476,134,501,149,,
54,19,car,0.348,559,128,586,149,,
54,9,car,0.255,767,177,809,206,,
55,12,car,0.805,251,237,331,291,,
55,10,car,0.756,599,251,665,306,,
55,11,car,0.616,649,130,670,150,,
55,19,car,0.514,558,128,585,148,,
55,13,car,0.411,802,164,839,192,,
55,15,car,0.366,394,161,458,224,,
55,18,car,0.297,476,134,499,150,,
56,12,car,0.769,247,239,324,293,,
56,10,car,0.700,601,246,667,304,,
56,11,car,0.509,649,128,670,150,,
56,19,car,0.498,557,129,585,148,,
56,15,bus,0.413,391,162,456,227,,
56,13,car,0.400,801,162,838,188,,
56,9,car,0.303,764,175,802,204,,
56,18,car,0.266,474,134,497,150,,
57,12,car,0.836,237,242,316,297,,
57,10,car,0.729,604,245,667,298,,
57,19,car,0.534,558,129,584,148,,
57,13,car,0.475,800,162,836,187,,
57,11,car,0.458,649,127,670,149,,
57,9,car,0.315,763,175,798,202,,
57,18,car,0.308,475,134,497,151,,
57,14,car,0.285,746,145,770,164,,
57,15,truck,0.270,386,163,452,227,,
58,10,car,0.708,607,240,668,294,,
58,12,car,0.693,230,246,311,303,,
58,15,car,0.563,382,165,447,228,,
58,11,car,0.435,650,126,671,148,,
58,19,car,0.410,556,131,582,149,,
58,18,car,0.325,471,134,495,153,,
58,13,car,0.320,800,161,833,188,,
58,14,car,0.289,746,144,770,163,,
59,12,car,0.796,220,249,302,306,,
59,10,car,0.757,610,239,670,290,,
59,19,car,0.482,555,133,578,149,,
59,15,car,0.431,376,164,445,230,,
59,11,car,0.395,651,126,672,148,,
59,13,car,0.326,800,161,833,186,,
59,18,car,0.314,468,134,492,153,,
59,9,car,0.294,761,174,795,198,,
60,12,car,0.801,220,249,302,306,,
60,10,car,0.757,610,239,670,290,,
60,19,car,0.489,555,133,578,149,,
60,15,car,0.426,376,165,445,230,,
60,21,car,0.415,1095,633,1277,719,,
60,11,car,0.393,651,126,672,148,,
60,20,bus,0.389,1095,633,1279,719,,
60,22,truck,0.353,377,164,445,232,,
60,13,car,0.315,800,160,833,186,,
60,18,car,0.313,468,134,492,153,,
60,9,car,0.292,761,174,795,198,,
61,10,car,0.787,611,234,670,287,,
61,12,car,0.699,213,254,296,310,,
61,21,car,0.629,1083,613,1275,719,,
61,19,car,0.555,554,134,578,150,,
61,15,bus,0.508,375,167,442,233,,
61,13,car,0.477,800,159,833,187,,
61,9,car,0.352,759,172,798,197,,
61,22,car,0.335,374,168,441,232,,
61,11,car,0.298,651,126,672,148,,
61,14,car,0.296,745,144,769,164,,
61,18,car,0.271,461,134,490,156,,
62,12,car,0.793,202,256,287,317,,
62,10,car,0.783,613,231,674,282,,
62,21,car,0.707,1070,593,1271,718,,
62,19,car,0.584,552,133,577,150,,
62,15,car,0.527,367,170,438,236,,
62,9,car,0.423,760,169,800,197,,
62,11,car,0.382,651,128,673,148,,
62,13,car,0.373,798,158,831,185,,
62,18,car,0.354,460,134,489,156,,
62,20,truck,0.354,1070,593,1278,719,,
62,22,truck,0.343,368,169,438,236,,
63,12,car,0.755,193,260,281,321,,
63,10,car,0.713,615,229,673,279,,
63,19,car,0.636,551,134,576,151,,
63,15,car,0.578,364,169,432,241,,
63,21,truck,0.526,1059,576,1278,718,,
63,20,car,0.388,1060,576,1251,718,,
63,9,car,0.386,758,170,800,197,,
63,18,car,0.304,460,135,487,156,,
63,11,car,0.262,652,128,674,147,,
64,12,car,0.877,183,263,271,326,,
64,10,car,0.703,616,227,678,276,,
64,21,car,0.657,1046,559,1230,690,,
64,19,car,0.533,551,135,575,151,,
64,15,car,0.451,360,171,429,242,,
64,9,car,0.438,758,170,800,196,,
64,22,truck,0.408,360,171,430,242,,
64,13,car,0.312,799,155,827,180,,
65,12,car,0.847,173,267,265,330,,
65,21,car,0.674,1040,540,1210,678,,
65,22,car,0.652,355,172,424,245,,
65,10,car,0.631,616,224,682,272,,
65,19,car,0.464,551,135,573,153,,
65,9,car,0.433,758,169,800,195,,
65,18,car,0.422,455,133,481,157,,
65,15,truck,0.261,354,172,426,246,,
65,13,car,0.254,799,155,825,179,,
66,12,car,0.845,173,267,265,330,,
66,21,car,0.663,1040,540,1210,678,,
66,22,car,0.653,355,172,424,245,,
66,10,car,0.629,616,224,682,272,,
66,19,car,0.464,551,135,573,153,,
66,9,car,0.434,758,169,800,195,,
66,18,car,0.421,455,133,481,157,,
66,23,car,0.391,396,161,433,186,,
66,13,car,0.254,799,155,825,179,,
66,15,truck,0.251,354,172,426,246,,
67,12,car,0.858,162,272,255,335,,
67,21,car,0.762,1030,526,1193,656,,
67,10,car,0.677,620,222,679,269,,
67,22,car,0.620,351,175,422,247,,
67,19,car,0.575,548,135,573,153,,
67,9,car,0.478,758,167,797,193,,
67,18,car,0.469,443,133,479,157,,
67,23,car,0.355,390,159,431,189,,
67,15,truck,0.308,350,174,424,248,,
67,13,car,0.270,798,155,824,179,,
68,12,car,0.911,152,277,249,342,,
68,21,car,0.797,1020,512,1179,637,,
68,22,car,0.754,343,176,418,250,,
68,10,car,0.748,623,219,680,265,,
68,19,car,0.488,545,134,572,153,,
68,18,car,0.480,444,132,477,159,,
68,23,car,0.431,382,162,427,190,,
68,9,car,0.336,758,167,794,193,,
68,15,truck,0.284,343,174,419,250,,
68,11,car,0.253,652,124,677,145,,
69,12,car,0.834,140,280,236,347,,
69,21,car,0.719,1013,497,1164,620,,
69,10,car,0.635,626,217,680,262,,
69,22,car,0.557,341,176,416,252,,
69,23,car,0.424,380,163,420,189,,
69,9,car,0.399,757,164,795,190,,
69,18,car,0.390,443,134,476,159,,
69,15,truck,0.344,340,176,415,252,,
69,13,car,0.330,793,154,822,180,,
69,19,car,0.329,544,136,569,155,,
70,12,car,0.845,128,283,228,353,,
70,21,car,0.783,1002,485,1151,602,,
70,10,car,0.651,627,214,682,260,,
70,22,car,0.625,335,179,411,254,,
70,23,car,0.531,376,163,418,188,,
70,15,truck,0.410,334,178,412,254,,
70,18,car,0.359,442,136,474,161,,
70,13,car,0.305,791,153,823,180,,
70,9,car,0.298,755,166,790,190,,
70,19,car,0.283,543,137,567,157,,
71,12,car,0.839,116,289,221,360,,
71,21,car,0.769,993,473,1137,587,,
71,10,car,0.655,630,212,686,257,,
71,22,car,0.608,328,182,409,257,,
71,18,car,0.552,440,134,473,161,,
71,9,car,0.342,755,165,791,190,,
71,13,car,0.325,790,152,822,179,,
71,23,car,0.314,371,163,413,190,,
71,11,car,0.269,655,123,677,143,,
72,12,car,0.840,116,289,221,360,,
72,21,car,0.756,993,473,1136,587,,
72,10,car,0.654,630,212,685,257,,
72,15,car,0.609,328,182,409,257,,
72,18,car,0.549,440,134,473,161,,
72,24,car,0.462,1020,500,1138,585,,
72,9,car,0.348,755,165,791,190,,
72,13,car,0.330,790,152,822,179,,
72,23,car,0.311,371,163,413,190,,
72,14,car,0.303,741,136,768,157,,
72,11,car,0.273,655,123,677,143,,
73,12,car,0.837,103,293,209,367,,
73,21,car,0.789,985,461,1130,573,,
73,15,car,0.695,323,182,406,260,,
73,10,car,0.653,631,209,686,255,,
73,18,car,0.564,439,134,473,161,,
73,23,car,0.526,366,164,410,190,,
73,9,car,0.491,754,163,792,190,,
73,19,car,0.378,539,138,565,158,,
73,13,car,0.357,791,153,821,176,,
73,14,car,0.264,741,136,767,157,,
74,12,car,0.843,89,297,198,374,,
74,10,car,0.759,633,207,685,251,,
74,21,car,0.755,978,449,1120,557,,
74,15,car,0.671,315,184,401,262,,
74,23,car,0.454,361,165,408,191,,
74,18,car,0.452,437,134,472,161,,
74,19,car,0.432,538,139,563,158,,
74,9,car,0.360,754,163,790,189,,
74,13,car,0.304,789,152,819,175,,
74,14,car,0.277,741,136,766,156,,
75,12,car,0.880,78,303,189,380,,
75,10,car,0.761,634,206,685,248,,
75,21,car,0.755,970,440,1101,544,,
75,22,car,0.644,311,186,391,264,,
75,23,car,0.505,357,165,401,190,,
75,19,car,0.355,537,139,561,159,,
75,18,car,0.311,434,134,466,162,,
75,9,car,0.276,753,160,787,187,,
76,12,car,0.870,63,307,176,387,,
76,21,car,0.822,965,429,1090,531,,
76,22,car,0.792,304,189,387,267,,
76,10,car,0.767,635,204,685,246,,
76,23,car,0.375,352,166,394,192,,
76,19,car,0.374,534,140,560,159,,
76,9,car,0.340,754,160,784,184,,
76,13,car,0.252,789,150,816,174,,
77,12,car,0.875,48,312,164,392,,
77,21,car,0.815,959,415,1083,517,,
77,10,car,0.768,636,203,686,243,,
77,22,car,0.633,298,190,383,270,,
77,19,car,0.449,529,141,560,161,,
77,23,car,0.426,341,168,397,194,,
77,9,car,0.360,753,158,781,183,,
78,12,car,0.874,48,312,165,392,,
78,21,car,0.817,959,415,1083,517,,
78,10,car,0.770,636,203,686,243,,
78,22,car,0.637,298,190,383,270,,
78,19,car,0.448,529,141,560,161,,
78,23,car,0.428,341,168,397,193,,
78,26,car,0.378,376,181,417,209,,
78,25,car,0.378,339,169,418,216,,
78,9,car,0.371,753,158,782,183,,
79,12,car,0.869,32,319,154,402,,
79,21,car,0.852,952,410,1072,506,,
79,22,car,0.728,293,191,378,273,,
79,10,car,0.719,637,200,692,242,,
79,19,car,0.490,527,140,557,162,,
79,23,car,0.429,335,169,382,196,,
79,9,car,0.412,752,156,781,181,,
79,13,car,0.307,788,148,815,174,,
80,12,car,0.908,17,325,140,410,,
80,21,car,0.826,947,400,1063,495,,
80,22,car,0.778,288,193,373,276,,
80,10,car,0.700,637,198,689,239,,
80,19,car,0.536,526,141,556,162,,
80,9,car,0.418,752,156,780,180,,
80,23,car,0.413,329,170,376,197,,
81,12,car,0.881,0,331,127,419,,
81,21,car,0.858,941,392,1054,484,,
81,10,car,0.697,639,196,691,237,,
81,22,car,0.647,279,196,368,281,,
81,19,car,0.527,525,141,555,163,,
81,9,car,0.499,751,157,780,180,,
81,18,car,0.478,421,146,451,165,,
81,23,car,0.447,327,173,370,201,,
81,13,car,0.258,786,149,811,173,,
82,12,car,0.885,0,337,112,428,,
82,21,car,0.819,935,384,1050,472,,
82,22,car,0.794,273,198,362,285,,
82,10,car,0.663,640,195,696,234,,
82,23,car,0.629,314,173,365,202,,
82,19,car,0.605,524,143,555,164,,
82,18,car,0.507,417,143,450,166,,
82,9,car,0.429,750,155,779,179,,
83,12,car,0.897,0,342,100,438,,
83,21,car,0.811,930,377,1040,462,,
83,19,car,0.664,522,144,552,165,,
83,10,car,0.661,641,192,695,232,,
83,9,car,0.520,750,156,779,180,,
83,22,car,0.494,265,201,358,290,,
83,23,car,0.428,308,175,360,203,,
83,15,bus,0.381,265,199,358,289,,
83,18,car,0.373,415,143,448,166,,
84,12,car,0.896,0,342,100,438,,
84,21,car,0.805,930,377,1040,462,,
84,19,car,0.667,522,144,552,165,,
84,10,car,0.661,641,192,695,232,,
84,9,car,0.521,750,156,779,180,,
84,22,car,0.466,265,201,358,290,,
84,23,car,0.410,308,175,360,203,,
84,15,bus,0.403,266,198,358,288,,
84,18,car,0.373,415,143,448,166,,
85,12,car,0.832,0,352,85,447,,
85,21,car,0.760,927,362,1031,453,,
85,19,car,0.715,521,145,550,166,,
85,15,bus,0.590,258,200,352,291,,
85,10,car,0.581,642,191,692,229,,
85,9,car,0.474,749,156,779,180,,
85,18,car,0.316,409,143,444,168,,
86,12,car,0.800,0,358,70,454,,
86,21,car,0.777,920,360,1022,445,,
86,19,car,0.698,519,146,547,167,,
86,10,car,0.599,644,189,692,228,,
86,15,bus,0.590,250,201,347,293,,
86,22,car,0.500,249,201,346,294,,
86,9,car,0.395,748,155,779,179,,
86,18,car,0.285,407,142,443,169,,
87,21,car,0.867,915,356,1016,436,,
87,19,car,0.726,515,147,545,168,,
87,10,car,0.557,646,188,695,226,,
87,22,car,0.488,241,203,342,298,,
87,15,bus,0.462,241,203,342,298,,
87,9,car,0.351,747,155,778,178,,
88,21,car,0.808,912,351,1010,428,,
88,19,car,0.684,513,148,544,168,,
88,22,car,0.639,234,208,335,302,,
88,10,car,0.627,649,187,695,224,,
88,23,car,0.466,279,180,336,213,,
88,9,car,0.343,746,153,779,177,,
88,15,truck,0.292,235,207,335,301,,
89,21,car,0.817,906,345,1003,418,,
89,10,car,0.629,649,186,695,222,,
89,19,car,0.627,514,147,541,171,,
89,22,bus,0.571,226,210,329,306,,
89,23,car,0.489,267,180,330,218,,
89,15,car,0.452,226,212,329,306,,
89,9,car,0.375,746,153,778,174,,
89,13,car,0.290,779,145,805,166,,
90,21,car,0.817,906,345,1003,419,,
90,19,car,0.626,514,147,540,171,,
90,10,car,0.623,649,186,695,222,,
90,22,bus,0.574,226,210,329,306,,
90,23,car,0.489,267,180,330,218,,
90,15,car,0.444,226,212,329,306,,
90,27,car,0.420,0,394,17,460,,
90,9,car,0.369,746,153,778,174,,
90,13,car,0.285,779,145,805,166,,
91,21,car,0.869,904,338,997,413,,
91,19,car,0.643,511,148,539,170,,
91,10,car,0.643,651,184,694,219,,
91,15,car,0.621,218,216,321,309,,
91,9,car,0.505,747,153,778,174,,
91,23,car,0.495,261,182,321,218,,
91,13,car,0.405,778,145,805,165,,
91,18,car,0.328,394,150,432,172,,
92,21,car,0.745,899,321,993,405,,
92,10,car,0.715,652,183,694,217,,
92,19,car,0.673,509,149,537,171,,
92,9,car,0.567,748,153,776,174,,
92,23,car,0.502,249,183,315,223,,
92,13,car,0.471,776,145,804,165,,
92,15,bus,0.446,209,218,314,315,,
93,21,car,0.820,895,319,991,398,,
93,19,car,0.729,506,149,537,172,,
93,10,car,0.708,653,182,697,214,,
93,23,car,0.533,246,186,311,224,,
93,15,car,0.466,202,220,311,320,,
93,13,car,0.444,776,145,803,166,,
93,9,car,0.432,747,153,774,174,,
94,21,car,0.769,892,319,980,391,,
94,19,car,0.727,503,150,535,174,,
94,10,car,0.720,654,180,698,212,,
94,15,car,0.673,192,224,301,324,,
94,23,car,0.587,233,188,299,225,,
94,13,car,0.496,775,145,803,166,,
94,9,car,0.433,747,153,775,174,,
95,21,car,0.719,887,318,972,386,,
95,10,car,0.697,655,178,702,213,,
95,19,car,0.691,501,151,533,175,,
95,15,car,0.589,183,227,295,327,,
95,9,car,0.428,747,152,776,173,,
95,13,car,0.387,773,144,804,167,,
95,23,car,0.373,228,189,291,227,,
96,21,car,0.712,887,318,972,386,,
96,10,car,0.691,655,178,702,213,,
96,19,car,0.688,501,151,533,175,,
96,15,car,0.574,183,227,295,327,,
96,9,car,0.427,747,152,776,173,,
96,13,car,0.389,773,144,804,167,,
96,23,car,0.368,228,189,291,227,,
97,10,car,0.744,654,176,699,210,,
97,21,car,0.672,886,313,967,379,,
97,15,car,0.634,172,230,286,332,,
97,19,car,0.592,497,151,530,176,,
97,23,car,0.527,220,189,284,226,,
97,9,car,0.362,748,152,774,173,,
97,13,car,0.311,773,144,803,167,,
98,10,car,0.748,654,175,699,209,,
98,21,car,0.717,882,308,960,373,,
98,19,car,0.605,496,153,530,177,,
98,15,car,0.560,161,232,279,339,,
98,23,car,0.487,212,191,274,229,,
98,13,car,0.340,772,143,803,167,,
98,9,car,0.339,748,151,773,172,,
99,21,car,0.813,879,305,957,367,,
99,10,car,0.773,655,174,699,208,,
99,23,car,0.543,200,194,268,239,,
99,19,car,0.449,494,152,525,178,,
99,15,car,0.446,152,237,270,344,,
99,9,car,0.393,748,150,772,171,,
99,13,car,0.373,769,143,802,168,,
100,21,car,0.819,875,300,954,363,,
100,10,car,0.752,655,174,699,207,,
100,19,car,0.531,491,154,524,179,,
100,23,car,0.528,189,194,262,241,,
100,9,car,0.450,748,149,771,170,,
100,15,car,0.367,139,237,264,349,,
100,13,car,0.271,766,143,802,167,,
101,10,car,0.750,656,173,700,206,,
101,21,car,0.688,872,292,950,358,,
101,19,car,0.647,490,155,522,179,,
101,23,car,0.632,182,196,251,243,,
101,9,car,0.495,746,146,770,168,,
101,15,bus,0.262,129,241,254,355,,
102,10,car,0.751,656,173,701,206,,
102,21,car,0.680,872,292,950,358,,
102,19,car,0.648,490,155,522,179,,
102,15,car,0.634,128,242,254,355,,
102,23,car,0.629,182,196,251,242,,
102,9,car,0.497,746,146,769,168,,
102,13,car,0.268,763,141,802,166,,
103,21,car,0.793,870,291,948,353,,
103,10,car,0.778,659,172,702,204,,
103,19,car,0.705,485,157,518,182,,
103,9,car,0.508,745,146,772,168,,
103,23,car,0.491,168,201,242,245,,
103,15,car,0.422,116,244,249,363,,
103,13,car,0.375,757,140,802,165,,
104,10,car,0.815,660,171,701,201,,
104,21,car,0.803,868,288,942,347,,
104,19,car,0.753,481,158,516,183,,
104,15,car,0.637,104,248,236,369,,
104,9,car,0.463,745,145,770,166,,
104,23,car,0.436,161,203,234,248,,
104,18,car,0.410,351,159,394,183,,
104,13,car,0.317,760,140,803,164,,
105,10,car,0.801,661,170,701,200,,
105,21,car,0.732,866,286,951,342,,
105,19,car,0.711,480,158,513,185,,
105,23,car,0.513,148,205,224,250,,
105,15,car,0.474,90,252,229,375,,
105,9,car,0.378,742,145,768,165,,
106,10,car,0.813,663,169,701,198,,
106,15,car,0.727,78,255,221,380,,
106,19,car,0.700,477,159,512,185,,
106,21,car,0.696,860,281,933,338,,
106,23,car,0.525,136,206,215,251,,
106,18,car,0.398,342,159,387,186,,
106,9,car,0.324,740,145,769,165,,
107,10,car,0.797,664,168,701,198,,
107,19,car,0.669,475,160,509,187,,
107,21,car,0.606,857,277,926,332,,
107,15,car,0.600,64,260,210,390,,
107,23,car,0.562,128,208,205,254,,
107,28,car,0.537,1027,632,1275,717,,
107,9,car,0.317,741,144,769,164,,
108,10,car,0.797,664,168,701,197,,
108,19,car,0.671,475,160,509,187,,
108,21,car,0.605,857,277,926,332,,
108,15,car,0.594,64,260,210,390,,
108,23,car,0.559,128,209,205,254,,
108,28,car,0.528,1027,632,1275,717,,
108,9,car,0.317,741,144,769,164,,
109,10,car,0.747,665,168,703,195,,
109,19,car,0.694,472,163,507,189,,
109,21,car,0.643,855,273,921,327,,
109,28,car,0.595,1014,607,1278,717,,
109,23,car,0.503,122,211,194,255,,
109,9,car,0.387,741,143,768,164,,
109,15,car,0.353,50,264,198,396,,
109,18,car,0.276,332,161,377,187,,
110,10,car,0.752,666,167,703,194,,
110,28,car,0.681,1004,589,1278,720,,
110,21,car,0.680,853,271,920,324,,
110,19,car,0.665,467,164,507,191,,
110,15,car,0.501,33,270,187,404,,
110,23,car,0.406,120,213,185,253,,
110,9,car,0.360,742,143,768,164,,
111,28,car,0.761,994,571,1278,720,,
111,21,car,0.722,851,267,917,321,,
111,10,car,0.700,666,166,702,193,,
111,19,car,0.689,463,164,503,192,,
111,18,car,0.396,320,163,370,191,,
111,9,car,0.368,743,142,767,163,,
111,15,car,0.351,18,274,176,412,,
111,23,car,0.335,121,217,174,252,,
112,21,car,0.756,850,264,915,317,,
112,10,car,0.728,666,165,702,192,,
112,28,car,0.722,985,555,1278,714,,
112,19,car,0.662,461,164,502,193,,
112,15,truck,0.340,0,280,162,419,,
112,9,car,0.317,743,141,766,163,,
112,18,car,0.309,320,163,364,191,,
113,10,car,0.745,666,163,703,191,,
113,21,car,0.734,849,263,915,313,,
113,19,car,0.698,457,166,499,194,,
113,18,car,0.470,314,166,360,193,,
113,9,car,0.356,743,141,766,163,,
113,15,bus,0.298,0,284,153,425,,
114,10,car,0.745,666,163,703,191,,
114,21,car,0.734,849,263,915,313,,
114,19,car,0.697,457,166,499,194,,
114,29,car,0.646,976,539,1155,686,,
114,18,car,0.466,314,166,360,193,,
114,9,car,0.353,743,141,766,163,,
114,15,truck,0.329,0,283,153,427,,
115,29,car,0.880,969,521,1140,662,,
115,21,car,0.753,845,260,909,309,,
115,10,car,0.730,667,162,704,190,,
115,19,car,0.606,455,167,495,196,,
115,18,car,0.486,303,167,355,195,,
115,15,truck,0.383,0,288,139,438,,
115,9,car,0.251,743,140,767,162,,
116,29,car,0.775,959,508,1124,640,,
116,10,car,0.713,667,161,705,189,,
116,19,car,0.628,451,169,492,198,,
116,21,car,0.589,841,258,902,305,,
116,15,bus,0.574,0,294,126,447,,
116,18,car,0.474,299,166,350,196,,
117,19,car,0.721,448,170,488,198,,
117,29,car,0.711,949,483,1185,622,,
117,10,car,0.693,668,161,706,188,,
117,21,car,0.692,840,253,899,302,,
117,30,car,0.549,28,228,111,281,,
117,15,bus,0.431,0,301,111,459,,
117,18,car,0.429,296,169,346,196,,
118,10,car,0.694,669,159,706,187,,
118,21,car,0.684,837,251,896,297,,
118,19,car,0.631,444,172,484,199,,
118,18,car,0.539,291,172,339,198,,
118,30,car,0.514,14,233,103,285,,
118,29,car,0.511,944,480,1176,601,,
118,15,truck,0.394,0,306,97,467,,
119,29,car,0.736,939,467,1085,583,,
119,21,car,0.705,835,247,892,295,,
119,10,car,0.691,669,160,707,185,,
119,15,bus,0.583,0,313,83,467,,
119,19,car,0.569,441,173,481,199,,
119,18,car,0.447,283,170,333,200,,
119,30,car,0.325,1,232,93,288,,
120,29,car,0.760,939,467,1085,583,,
120,21,car,0.710,835,247,892,295,,
120,10,car,0.690,669,160,707,185,,
120,19,car,0.574,441,173,481,199,,
120,15,bus,0.568,0,313,83,467,,
120,18,car,0.440,283,170,333,200,,
120,30,car,0.301,1,232,93,288,,
121,29,car,0.752,931,454,1150,569,,
121,21,car,0.721,833,246,890,292,,
121,10,car,0.655,670,159,709,184,,
121,19,car,0.629,438,175,478,203,,
121,18,car,0.532,280,170,331,202,,
121,30,car,0.469,0,237,78,291,,
122,21,car,0.738,831,245,888,288,,
122,19,car,0.715,430,176,474,206,,
122,29,car,0.656,927,443,1062,551,,
122,10,car,0.645,671,157,710,183,,
122,18,car,0.569,273,173,325,202,,
122,30,car,0.463,0,242,66,290,,
122,31,truck,0.443,0,325,52,465,,
123,21,car,0.724,828,241,886,286,,
123,10,car,0.641,672,157,709,183,,
123,19,car,0.608,430,176,472,208,,
123,29,car,0.584,920,433,1053,537,,
123,18,car,0.547,267,172,319,205,,
123,30,car,0.479,0,246,51,289,,
123,32,car,0.332,389,183,415,202,,
124,29,car,0.820,914,420,1043,521,,
124,21,car,0.743,827,237,886,284,,
124,10,car,0.622,672,156,710,182,,
124,19,car,0.598,424,177,470,210,,
124,30,car,0.474,0,248,39,288,,
124,18,car,0.373,261,173,314,207,,
124,32,car,0.363,389,183,414,202,,
125,21,car,0.706,827,235,887,280,,
125,10,car,0.611,672,154,710,180,,
125,29,car,0.541,912,412,1035,511,,
125,18,car,0.459,255,176,309,207,,
125,19,car,0.365,424,177,465,210,,
125,32,car,0.291,389,184,415,202,,
126,21,car,0.709,827,235,887,280,,
126,10,car,0.611,672,154,710,180,,
126,29,car,0.565,912,412,1035,510,,
126,18,car,0.464,255,176,309,207,,
126,33,car,0.455,0,250,25,290,,
126,34,car,0.387,912,411,1110,512,,
126,19,car,0.366,425,177,465,210,,
126,32,car,0.299,389,184,415,202,,
127,21,car,0.667,825,234,884,278,,
127,29,car,0.650,904,402,1029,498,,
127,10,car,0.605,673,154,712,179,,
127,19,car,0.590,417,179,462,212,,
127,18,car,0.458,249,176,302,208,,
127,34,car,0.329,903,402,1099,499,,
128,21,car,0.710,823,230,876,275,,
128,29,car,0.676,899,393,1021,487,,
128,19,car,0.672,411,179,459,214,,
128,10,car,0.600,673,153,712,177,,
128,34,car,0.433,899,394,1090,487,,
128,18,car,0.404,242,175,298,210,,
129,29,car,0.848,894,386,1010,474,,
129,21,car,0.717,821,230,874,272,,
129,19,car,0.683,408,181,455,216,,
129,10,car,0.626,674,153,711,177,,
129,18,car,0.297,233,177,292,211,,
130,29,car,0.832,890,376,1002,464,,
130,21,car,0.697,819,227,871,269,,
130,10,car,0.602,676,153,710,176,,
130,19,car,0.540,401,183,451,218,,
131,29,car,0.843,886,359,996,453,,
131,21,car,0.689,817,226,868,266,,
131,10,car,0.619,677,153,709,175,,
131,19,car,0.609,396,186,447,221,,
131,18,car,0.562,220,183,278,215,,
131,13,car,0.351,740,130,780,153,,
132,29,car,0.842,886,359,997,453,,
132,21,car,0.691,817,226,868,266,,
132,10,car,0.620,677,153,709,175,,
132,19,car,0.594,396,186,447,221,,
132,18,car,0.578,219,183,278,215,,
132,13,car,0.348,740,130,780,153,,
133,29,car,0.846,882,360,990,445,,
133,21,car,0.661,816,223,867,263,,
133,10,car,0.592,677,152,710,174,,
133,19,car,0.525,393,187,444,223,,
133,13,car,0.336,739,131,777,153,,
133,18,car,0.321,214,184,270,216,,
134,29,car,0.746,880,354,997,434,,
134,21,car,0.663,813,221,865,261,,
134,10,car,0.629,678,151,711,173,,
134,19,car,0.493,388,188,438,224,,
134,18,car,0.427,208,185,265,217,,
134,13,car,0.300,739,131,776,152,,
135,10,car,0.709,679,151,710,172,,
135,21,car,0.676,813,220,863,259,,
135,29,car,0.549,878,348,976,425,,
135,18,car,0.514,201,185,260,219,,
135,19,car,0.477,381,193,435,226,,
135,34,car,0.404,877,350,1044,427,,
135,13,car,0.308,738,131,779,151,,
136,10,car,0.745,679,150,710,171,,
136,29,car,0.715,873,342,969,418,,
136,21,car,0.710,812,217,860,257,,
136,19,car,0.613,379,190,429,229,,
136,18,car,0.534,193,192,250,221,,
136,13,car,0.385,737,131,780,151,,
136,34,car,0.292,872,343,1030,419,,
137,29,car,0.790,867,339,965,410,,
137,21,car,0.752,811,215,858,255,,
137,10,car,0.747,679,149,710,170,,
137,19,car,0.567,375,192,427,230,,
137,18,car,0.411,185,189,244,224,,
137,13,car,0.269,737,130,779,149,,
138,29,car,0.790,867,339,965,410,,
138,21,car,0.753,811,215,858,255,,
138,10,car,0.747,679,149,710,170,,
138,19,car,0.567,375,192,427,230,,
138,18,car,0.419,185,189,244,224,,
138,13,car,0.264,737,130,779,149,,
139,29,car,0.781,865,330,958,401,,
139,10,car,0.715,679,148,711,169,,
139,21,car,0.713,810,215,856,254,,
139,18,car,0.511,177,191,237,225,,
139,19,car,0.499,366,196,421,235,,
140,29,car,0.804,863,321,953,396,,
140,10,car,0.739,680,147,711,168,,
140,21,car,0.655,808,214,855,251,,
140,19,car,0.614,362,195,417,240,,
140,18,car,0.560,168,192,230,228,,
140,13,car,0.256,737,129,779,147,,
141,29,car,0.721,859,319,950,388,,
141,10,car,0.719,682,146,711,167,,
141,19,car,0.688,358,200,411,242,,
141,18,car,0.598,161,194,225,230,,
141,21,car,0.579,807,212,852,247,,
142,29,car,0.771,855,317,946,382,,
142,10,car,0.728,682,145,712,167,,
142,18,car,0.674,154,196,217,232,,
142,21,car,0.640,805,210,849,245,,
142,19,car,0.619,349,202,408,244,,
142,32,car,0.255,388,184,417,205,,
143,29,car,0.816,854,312,938,377,,
143,10,car,0.732,683,145,712,166,,
143,21,car,0.707,802,207,849,244,,
143,19,car,0.607,344,206,404,246,,
143,18,car,0.563,144,197,207,233,,
143,32,car,0.325,387,184,417,206,,
143,9,car,0.299,735,128,761,148,,
143,13,car,0.292,736,127,775,147,,
144,29,car,0.814,854,312,938,377,,
144,10,car,0.732,683,145,712,166,,
144,21,car,0.705,802,207,849,244,,
144,19,car,0.599,343,206,404,247,,
144,18,car,0.563,144,197,207,234,,
144,35,car,0.434,143,208,197,235,,
144,32,car,0.329,387,184,417,206,,
144,9,car,0.293,735,127,761,147,,
144,13,car,0.285,735,127,774,147,,
145,29,car,0.759,851,307,936,368,,
145,10,car,0.748,682,144,712,166,,
145,21,car,0.731,802,207,847,242,,
145,19,car,0.676,336,207,397,250,,
145,18,car,0.594,136,198,202,236,,
145,9,car,0.338,735,127,763,147,,
145,13,car,0.296,735,127,773,147,,
145,32,car,0.295,387,184,417,205,,
146,21,car,0.727,801,206,844,241,,
146,10,car,0.713,682,143,712,165,,
146,29,car,0.698,850,302,929,365,,
146,19,car,0.633,330,210,393,253,,
146,18,car,0.392,129,201,193,238,,
146,32,car,0.319,386,184,416,204,,
146,9,car,0.287,735,127,764,147,,
146,13,car,0.279,736,124,771,146,,
147,29,car,0.759,846,295,923,360,,
147,10,car,0.677,682,143,712,164,,
147,21,car,0.650,800,204,843,240,,
147,18,car,0.504,120,202,186,241,,
147,19,car,0.493,323,214,388,256,,
147,13,car,0.284,736,123,771,146,,
148,29,car,0.734,844,293,919,353,,
148,10,car,0.678,682,143,712,162,,
148,21,car,0.669,799,202,841,238,,
148,19,car,0.663,315,214,379,257,,
148,18,car,0.513,118,205,179,244,,
148,13,car,0.355,736,123,771,146,,
148,9,car,0.265,735,125,765,147,,
149,29,car,0.673,843,290,917,348,,
149,21,car,0.662,798,201,839,235,,
149,19,car,0.604,308,217,372,261,,
149,10,car,0.566,684,142,714,162,,
149,13,car,0.418,736,122,771,146,,
149,18,car,0.297,101,206,169,244,,
150,29,car,0.683,843,290,917,348,,
150,21,car,0.662,798,201,839,235,,
150,19,car,0.590,308,217,372,261,,
150,10,car,0.566,684,142,714,162,,
150,13,car,0.416,736,122,771,146,,
150,18,car,0.290,100,205,169,246,,
151,29,car,0.733,836,286,919,344,,
151,21,car,0.639,797,199,837,232,,
151,19,car,0.579,302,220,367,265,,
151,10,car,0.493,684,142,713,161,,
151,13,car,0.406,736,122,772,146,,
152,29,car,0.688,835,283,915,338,,
152,21,car,0.640,794,197,835,230,,
152,19,car,0.542,295,221,360,269,,
152,10,car,0.459,684,141,715,161,,
152,13,car,0.437,736,122,772,145,,
153,19,car,0.677,285,223,356,274,,
153,29,car,0.669,834,279,905,334,,
153,21,car,0.652,795,196,835,229,,
153,10,car,0.430,685,141,715,161,,
153,13,car,0.423,736,122,773,145,,
154,19,car,0.746,279,227,348,277,,
154,21,car,0.690,793,193,835,227,,
154,29,car,0.615,832,275,905,329,,
154,10,car,0.400,685,140,715,161,,
154,13,car,0.349,736,121,773,144,,
155,19,car,0.748,269,232,340,280,,
155,21,car,0.736,790,191,832,225,,
155,29,car,0.719,828,269,899,326,,
155,36,car,0.473,47,225,107,260,,
155,10,car,0.463,686,139,714,159,,
155,13,car,0.393,735,121,772,144,,
156,19,car,0.742,269,232,340,280,,
156,21,car,0.735,790,191,832,225,,
156,29,car,0.727,828,269,900,326,,
156,36,car,0.465,47,225,107,259,,
156,10,car,0.461,686,139,714,159,,
156,37,car,0.430,47,231,95,258,,
156,13,car,0.394,735,120,772,144,,
157,19,car,0.793,261,233,335,286,,
157,21,car,0.742,789,189,831,224,,
157,29,car,0.677,825,266,895,321,,
157,36,car,0.524,32,219,110,262,,
157,10,car,0.441,687,139,714,159,,
157,13,car,0.374,735,121,772,143,,
158,29,car,0.746,822,263,891,317,,
158,21,car,0.719,788,188,829,224,,
158,19,car,0.665,249,241,328,290,,
158,36,car,0.472,24,221,106,264,,
158,10,car,0.450,686,139,714,159,,
158,13,car,0.416,736,121,772,143,,
159,21,car,0.761,788,187,827,222,,
159,29,car,0.707,821,261,889,314,,
159,19,car,0.693,242,242,320,293,,
159,36,car,0.555,12,222,94,268,,
159,10,car,0.432,687,139,715,158,,
159,13,car,0.387,737,121,772,142,,
160,21,car,0.768,786,186,826,220,,
160,19,car,0.718,232,245,311,297,,
160,29,car,0.662,818,259,890,311,,
160,36,car,0.407,0,225,82,269,,
160,10,car,0.382,687,139,715,158,,
160,13,car,0.339,737,121,771,140,,
161,21,car,0.761,785,185,825,219,,
161,19,car,0.683,220,250,303,304,,
161,29,car,0.586,817,256,887,304,,
161,36,car,0.571,2,228,72,272,,
161,10,car,0.403,688,138,714,157,,
161,13,car,0.329,737,121,770,139,,
162,21,car,0.761,785,185,825,218,,
162,19,car,0.670,220,251,303,304,,
162,29,car,0.584,817,256,887,304,,
162,36,car,0.559,2,228,72,272,,
162,10,car,0.387,688,138,714,157,,
162,13,car,0.325,737,121,770,139,,
163,21,car,0.774,785,185,824,216,,
163,19,car,0.704,210,252,294,310,,
163,29,car,0.686,813,250,882,303,,
163,10,car,0.366,688,138,714,156,,
163,36,car,0.360,0,230,61,275,,
163,13,car,0.350,737,121,770,139,,
164,19,car,0.788,200,256,284,314,,
164,21,car,0.775,785,184,823,214,,
164,29,car,0.678,813,248,876,300,,
164,10,car,0.340,690,136,715,155,,
165,19,car,0.807,188,260,275,320,,
165,29,car,0.767,813,246,875,297,,
165,21,car,0.756,784,183,821,214,,
165,10,car,0.351,690,137,715,154,,
166,19,car,0.829,178,264,266,325,,
166,21,car,0.743,783,182,820,213,,
166,29,car,0.727,811,243,874,295,,
166,10,car,0.378,691,136,715,153,,
167,19,car,0.842,165,270,256,331,,
167,21,car,0.736,781,181,818,210,,
167,29,car,0.683,809,242,870,289,,
167,9,car,0.314,733,119,770,140,,
167,10,car,0.302,691,135,715,152,,
168,19,car,0.842,165,270,256,331,,
168,21,car,0.735,781,181,818,210,,
168,29,car,0.684,809,242,870,289,,
168,38,car,0.353,0,241,13,280,,
168,9,car,0.323,733,119,770,140,,
168,10,car,0.304,691,135,715,152,,
169,19,car,0.852,152,275,244,338,,
169,21,car,0.747,781,179,817,209,,
169,29,car,0.712,807,240,867,285,,
169,9,car,0.286,732,119,768,139,,
170,19,car,0.897,137,280,234,343,,
170,21,car,0.769,779,179,817,209,,
170,29,car,0.673,806,237,866,281,,
170,9,car,0.339,733,119,768,138,,
170,10,car,0.297,691,133,715,151,,
171,19,car,0.816,122,282,224,352,,
171,21,car,0.732,778,179,816,208,,
171,29,car,0.629,804,235,860,279,,
171,9,car,0.321,732,119,767,138,,
171,10,car,0.294,691,132,715,149,,
172,19,car,0.832,109,289,210,358,,
172,21,car,0.715,777,178,814,207,,
172,29,car,0.549,804,232,862,277,,
172,9,car,0.331,732,118,766,138,,
172,10,car,0.314,692,132,715,149,,
173,19,car,0.832,94,295,197,367,,
173,21,car,0.718,777,177,813,207,,
173,29,car,0.666,802,228,856,274,,
173,9,car,0.340,732,118,764,138,,
173,10,car,0.293,691,132,716,150,,
174,19,car,0.830,94,295,197,367,,
174,21,car,0.718,777,177,813,207,,
174,29,car,0.663,802,228,856,274,,
174,9,car,0.336,732,118,764,138,,
174,10,car,0.284,691,132,716,150,,
175,19,car,0.843,78,301,186,375,,
175,29,car,0.734,801,228,855,271,,
175,21,car,0.730,776,176,811,205,,
175,10,car,0.395,691,131,716,149,,
175,9,car,0.374,732,118,763,138,,
176,19,car,0.797,61,307,172,382,,
176,21,car,0.761,775,175,810,203,,
176,29,car,0.694,799,225,853,269,,
176,10,car,0.430,692,130,716,148,,
176,9,car,0.375,733,118,762,138,,
177,19,car,0.857,42,313,158,390,,
177,21,car,0.748,776,174,809,200,,
177,29,car,0.629,798,222,851,265,,
177,10,car,0.458,692,130,716,148,,
177,9,car,0.384,733,120,764,138,,
178,19,car,0.888,24,320,142,401,,
178,21,car,0.723,775,173,809,199,,
178,29,car,0.715,796,220,850,262,,
178,9,car,0.345,733,119,761,137,,
178,10,car,0.292,693,129,716,147,,
179,19,car,0.815,1,326,127,410,,
179,21,car,0.710,774,172,808,199,,
179,29,car,0.694,796,218,847,260,,
179,10,car,0.316,693,129,716,147,,
180,19,car,0.819,1,326,128,410,,
180,21,car,0.699,774,172,808,199,,
180,29,car,0.689,796,218,847,260,,
180,10,car,0.315,693,129,716,147,,
181,19,car,0.872,0,333,110,421,,
181,21,car,0.717,772,171,807,198,,
181,29,car,0.653,795,214,846,257,,
181,10,car,0.309,694,128,716,146,,
182,19,car,0.861,0,342,94,432,,
182,21,car,0.679,773,171,806,197,,
182,29,car,0.661,792,210,846,255,,
182,10,car,0.287,694,127,717,146,,
183,19,car,0.808,0,351,78,445,,
183,39,car,0.738,1108,649,1279,719,,
183,21,car,0.732,772,169,804,195,,
183,29,car,0.703,792,210,842,253,,
183,10,car,0.274,695,127,717,146,,
184,39,car,0.825,1094,627,1279,720,,
184,21,car,0.702,770,167,803,194,,
184,29,car,0.663,790,209,840,250,,
184,9,car,0.329,733,116,762,135,,
184,10,car,0.284,695,127,717,146,,
185,39,car,0.827,1080,605,1276,720,,
185,21,car,0.717,770,167,802,193,,
185,29,car,0.610,788,208,838,246,,
185,9,car,0.324,734,115,765,134,,
186,39,car,0.832,1080,605,1276,720,,
186,21,car,0.717,770,167,802,193,,
186,40,car,0.688,0,368,36,444,,
186,29,car,0.606,788,208,838,246,,
186,9,car,0.323,734,115,765,134,,
187,39,car,0.886,1067,588,1259,720,,
187,21,car,0.738,770,166,801,192,,
187,29,car,0.665,786,206,837,246,,
187,9,car,0.322,735,114,765,134,,
188,21,car,0.744,770,166,801,191,,
188,29,car,0.658,785,204,835,244,,
189,21,car,0.740,770,165,800,191,,
189,29,car,0.621,783,203,834,244,,
190,21,car,0.694,770,165,800,190,,
190,29,car,0.679,784,202,831,241,,
191,29,car,0.622,783,201,830,239,,
191,21,car,0.615,768,163,799,189,,
192,29,car,0.623,783,201,830,239,,
192,21,car,0.613,768,163,799,189,,
193,21,car,0.633,767,163,797,188,,
193,29,car,0.617,781,199,827,237,,
194,39,car,0.855,1004,485,1158,610,,
194,29,car,0.713,780,197,826,235,,
194,21,car,0.677,766,163,796,186,,
194,10,car,0.278,699,123,718,142,,
195,39,car,0.890,997,476,1144,594,,
195,29,car,0.741,779,195,825,231,,
195,21,car,0.631,764,161,795,184,,
196,39,car,0.860,988,463,1132,578,,
196,29,car,0.719,778,194,824,230,,
196,21,car,0.630,764,160,794,183,,
197,39,car,0.848,981,450,1125,560,,
197,29,car,0.670,776,190,823,229,,
197,21,car,0.644,764,160,793,182,,
198,39,car,0.849,981,450,1125,560,,
198,29,car,0.666,776,190,823,229,,
198,21,car,0.644,764,160,793,182,,
199,39,car,0.723,974,440,1107,545,,
199,29,car,0.682,775,188,822,228,,
199,21,car,0.662,763,159,793,180,,
200,39,car,0.832,966,415,1094,532,,
200,29,car,0.645,775,188,821,227,,
200,21,car,0.637,763,159,792,179,,
201,39,car,0.873,959,414,1084,517,,
201,29,car,0.638,773,187,821,225,,
201,21,car,0.532,761,157,792,180,,
202,39,car,0.901,954,411,1075,504,,
202,29,car,0.624,773,186,821,224,,
202,21,car,0.576,761,157,792,179,,
203,39,car,0.827,947,400,1063,492,,
203,21,car,0.529,761,157,791,178,,
203,29,car,0.473,770,185,814,222,,
204,39,car,0.826,947,400,1063,492,,
204,21,car,0.521,761,157,791,178,,
204,29,car,0.458,770,185,814,222,,
205,39,car,0.863,939,391,1055,482,,
205,21,car,0.590,760,156,791,177,,
205,29,car,0.502,770,184,812,220,,
206,39,car,0.883,935,383,1048,470,,
206,21,car,0.593,760,156,789,177,,
206,29,car,0.510,769,184,811,219,,
207,39,car,0.850,929,371,1036,457,,
207,21,car,0.619,759,155,789,177,,
207,29,car,0.446,767,184,811,215,,
208,39,car,0.829,924,360,1029,448,,
208,29,car,0.674,767,182,810,213,,
208,21,car,0.592,759,154,788,176,,
209,39,car,0.848,919,359,1021,438,,
209,29,car,0.566,766,181,810,213,,
209,21,car,0.541,758,152,786,176,,
210,39,car,0.849,919,359,1021,438,,
210,29,car,0.563,766,181,810,213,,
210,21,car,0.542,758,152,786,176,,
211,39,car,0.859,914,353,1014,431,,
211,21,car,0.553,758,151,786,174,,
211,29,car,0.532,768,181,808,212,,
212,39,car,0.855,910,347,1009,422,,
212,21,car,0.557,758,151,785,174,,
212,29,car,0.535,765,180,809,211,,
213,39,car,0.844,908,339,1000,415,,
213,21,car,0.529,758,150,785,174,,
213,29,car,0.462,765,180,808,210,,
214,39,car,0.795,900,322,993,406,,
214,21,car,0.428,757,150,784,173,,
214,29,car,0.252,765,178,805,207,,
215,39,car,0.785,897,319,991,400,,
215,21,car,0.327,756,150,784,173,,
215,29,car,0.315,763,178,804,207,,
216,39,car,0.781,897,319,992,400,,
216,21,car,0.329,756,150,784,173,,
216,29,car,0.317,763,178,804,207,,
217,39,car,0.767,893,318,982,390,,
217,29,car,0.436,763,177,801,205,,
217,21,car,0.327,756,150,782,171,,
218,39,car,0.774,888,317,979,385,,
218,29,car,0.370,761,176,800,204,,
218,21,car,0.336,756,150,779,169,,
219,39,car,0.765,883,314,973,379,,
219,29,car,0.373,761,175,798,202,,
219,21,car,0.309,755,149,782,169,,
220,39,car,0.837,882,308,964,372,,
220,21,car,0.413,756,149,779,167,,
220,29,car,0.342,759,175,796,199,,
221,39,car,0.872,878,303,958,366,,
221,21,car,0.442,756,149,782,166,,
221,29,car,0.427,758,175,794,198,,
222,39,car,0.871,878,303,958,366,,
222,21,car,0.468,756,149,782,166,,
222,29,car,0.432,758,175,794,198,,
223,39,car,0.793,874,294,953,361,,
223,21,car,0.537,755,149,784,171,,
223,29,car,0.395,757,174,794,196,,
224,39,car,0.769,869,290,949,355,,
224,21,car,0.634,754,149,782,170,,
224,41,car,0.513,754,148,785,193,,
224,29,car,0.450,755,173,796,197,,
225,39,car,0.819,867,289,948,350,,
225,21,car,0.563,754,148,783,170,,
225,41,car,0.395,754,148,786,195,,
225,29,car,0.354,754,166,794,197,,
226,39,car,0.818,865,287,942,343,,
226,21,car,0.489,754,147,781,169,,
226,29,car,0.328,754,167,794,196,,
226,41,car,0.303,754,151,795,196,,
227,39,car,0.740,862,282,933,340,,
227,21,car,0.497,754,147,781,172,,
227,41,car,0.321,753,149,792,195,,
227,29,car,0.261,753,167,792,195,,
228,39,car,0.752,862,282,933,340,,
228,21,car,0.496,754,147,781,172,,
228,41,car,0.320,753,149,792,195,,
228,29,car,0.260,753,167,792,195,,
229,39,car,0.751,858,275,932,336,,
229,41,car,0.367,753,158,788,194,,
229,29,car,0.356,754,167,790,194,,
229,21,car,0.338,754,147,782,173,,
230,39,car,0.802,853,270,925,329,,
230,41,car,0.458,753,153,787,191,,
230,21,car,0.437,754,146,781,170,,
230,29,car,0.402,753,167,787,192,,
231,39,car,0.822,853,268,920,325,,
231,41,car,0.514,753,147,786,189,,
232,39,car,0.847,849,266,918,320,,
232,41,car,0.596,753,150,786,189,,
232,29,car,0.525,753,162,786,190,,
232,42,car,0.392,517,131,541,148,,
233,39,car,0.706,847,263,914,317,,
233,41,car,0.563,753,150,786,188,,
233,29,car,0.488,752,162,787,189,,
233,42,car,0.442,515,131,541,148,,
234,39,car,0.710,847,264,914,317,,
234,41,car,0.555,753,150,786,188,,
234,29,car,0.486,752,162,787,189,,
234,42,car,0.419,515,130,541,148,,
235,39,car,0.725,844,261,913,311,,
235,29,car,0.552,752,162,786,189,,
235,42,car,0.463,513,132,539,149,,
235,41,car,0.290,752,145,783,186,,
236,39,car,0.755,841,257,909,307,,
236,42,car,0.540,513,132,539,150,,
236,41,car,0.495,751,145,786,187,,
237,39,car,0.773,839,253,902,303,,
237,42,car,0.568,513,133,538,150,,
237,41,car,0.356,750,145,784,186,,
238,39,car,0.590,836,250,899,300,,
238,42,car,0.576,512,132,537,149,,
238,41,car,0.265,750,145,783,185,,
239,39,car,0.803,835,248,894,295,,
239,42,car,0.458,511,133,536,149,,
239,41,car,0.318,750,147,782,182,,
240,39,car,0.803,835,248,894,295,,
240,42,car,0.451,512,133,536,149,,
240,41,car,0.317,750,147,782,182,,
241,39,car,0.830,833,246,891,293,,
241,41,car,0.369,749,144,781,180,,
241,42,car,0.325,510,133,534,150,,
242,39,car,0.861,831,245,889,288,,
242,41,car,0.438,749,143,780,179,,
242,42,car,0.402,507,133,531,150,,
243,39,car,0.823,828,240,886,287,,
243,42,car,0.509,505,134,530,150,,
243,41,car,0.455,748,140,780,178,,
244,39,car,0.835,825,236,884,284,,
244,42,car,0.482,504,134,527,151,,
244,41,car,0.473,747,141,779,178,,
245,39,car,0.812,823,234,885,279,,
245,42,car,0.521,502,135,526,151,,
245,41,car,0.374,747,141,780,178,,
246,39,car,0.812,824,233,883,279,,
246,42,car,0.520,502,135,526,151,,
246,41,car,0.406,747,141,779,178,,
247,39,car,0.767,822,231,884,277,,
247,42,car,0.522,500,135,525,152,,
247,41,car,0.318,747,142,779,178,,
248,39,car,0.837,820,229,877,272,,
248,42,car,0.482,498,136,526,153,,
248,41,car,0.336,746,139,778,177,,
249,39,car,0.860,819,228,873,271,,
249,42,car,0.431,497,135,526,154,,
250,39,car,0.788,817,226,872,268,,
250,42,car,0.417,496,136,523,155,,
251,39,car,0.783,815,224,869,264,,
251,42,car,0.385,493,137,521,156,,
252,39,car,0.784,815,224,869,264,,
252,42,car,0.399,493,137,521,156,,
253,39,car,0.791,814,221,865,262,,
253,42,car,0.417,490,138,519,158,,
254,39,car,0.788,813,220,863,259,,
254,42,car,0.360,489,138,520,158,,
254,41,car,0.262,746,138,773,172,,
255,39,car,0.714,811,217,859,256,,
255,42,car,0.340,488,140,517,158,,
256,39,car,0.722,810,216,858,255,,
257,39,car,0.663,807,215,858,254,,
258,39,car,0.663,807,215,858,253,,
259,39,car,0.603,806,213,856,250,,
260,39,car,0.766,804,210,852,247,,
261,39,car,0.779,802,208,851,246,,
262,39,car,0.641,802,206,848,243,,
263,39,car,0.607,801,206,847,240,,
264,39,car,0.606,801,206,847,240,,
265,39,car,0.593,800,204,843,239,,
266,39,car,0.461,798,201,842,238,,
267,39,car,0.577,797,199,840,237,,
267,42,car,0.390,465,146,494,164,,
268,39,car,0.625,796,197,839,233,,
268,42,car,0.352,463,147,491,164,,
269,39,car,0.614,795,196,836,231,,
269,42,car,0.468,462,147,490,165,,
270,39,car,0.618,795,196,836,231,,
270,42,car,0.467,462,147,490,165,,
271,39,car,0.604,793,192,835,230,,
271,42,car,0.518,460,148,489,165,,
271,41,car,0.252,742,129,767,162,,
272,39,car,0.635,791,188,833,228,,
272,42,car,0.553,457,148,488,166,,
273,39,car,0.745,790,187,833,225,,
273,42,car,0.565,456,148,487,166,,
274,39,car,0.763,789,187,833,224,,
274,42,car,0.564,454,149,482,167,,
275,39,car,0.807,788,187,829,223,,
275,42,car,0.564,451,150,480,169,,
276,39,car,0.809,788,187,829,223,,
276,42,car,0.568,451,150,481,169,,
277,39,car,0.788,787,185,827,222,,
277,42,car,0.582,449,150,479,169,,
278,39,car,0.709,786,185,827,219,,
278,42,car,0.458,447,152,477,171,,
279,39,car,0.762,785,184,826,216,,
279,42,car,0.595,442,151,474,173,,
279,43,car,0.466,512,124,538,141,,
280,39,car,0.766,785,182,825,214,,
280,42,car,0.657,440,151,472,174,,
280,43,car,0.482,511,124,537,141,,
280,41,car,0.310,739,128,763,158,,
281,39,car,0.828,784,180,824,213,,
281,42,car,0.653,438,152,472,174,,
281,43,car,0.430,511,125,536,141,,
281,41,car,0.375,738,128,763,159,,
282,39,car,0.828,784,180,824,213,,
282,42,car,0.658,438,152,472,174,,
282,43,car,0.430,511,125,536,141,,
282,41,car,0.370,738,128,763,159,,
283,39,car,0.826,783,179,821,212,,
283,42,car,0.664,434,153,469,174,,
283,43,car,0.500,509,125,533,142,,
283,41,car,0.422,737,128,763,158,,
284,39,car,0.749,783,179,819,211,,
284,43,car,0.596,508,125,532,142,,
284,42,car,0.579,433,153,464,174,,
284,41,car,0.344,736,127,762,158,,
285,39,car,0.736,782,178,818,209,,
285,42,car,0.580,430,153,464,176,,
285,43,car,0.527,506,126,530,142,,
285,41,car,0.300,735,126,762,158,,
286,39,car,0.750,781,178,817,208,,
286,42,car,0.514,426,154,462,177,,
286,43,car,0.510,505,126,530,142,,
286,41,car,0.322,734,128,761,156,,
287,39,car,0.672,779,178,818,208,,
287,42,car,0.523,423,155,459,177,,
287,43,car,0.477,504,126,530,142,,
287,41,car,0.355,734,126,760,156,,
288,39,car,0.672,779,178,818,208,,
288,44,car,0.615,1121,670,1278,719,,
288,42,car,0.524,423,155,459,177,,
288,43,car,0.478,504,126,530,142,,
288,41,car,0.355,734,126,760,156,,
289,39,car,0.695,779,176,816,207,,
289,44,car,0.693,1102,650,1279,719,,
289,42,car,0.591,420,156,457,178,,
289,43,car,0.467,502,126,528,142,,
289,41,car,0.281,734,125,761,155,,
290,39,car,0.734,778,175,814,205,,
290,44,car,0.696,1088,625,1279,717,,
290,42,car,0.491,417,157,453,178,,
290,43,car,0.415,502,126,528,143,,
290,41,car,0.272,734,125,761,154,,
291,44,car,0.823,1075,603,1278,719,,
291,39,car,0.769,777,175,813,203,,
291,42,car,0.496,413,159,449,181,,
291,43,car,0.290,500,126,527,143,,
291,41,car,0.256,734,126,761,152,,
292,39,car,0.781,776,174,812,200,,
292,42,car,0.593,410,159,446,182,,
293,39,car,0.799,775,172,812,198,,
293,42,car,0.543,408,159,443,183,,
293,43,car,0.335,496,128,523,146,,
294,39,car,0.798,775,172,812,198,,
294,42,car,0.545,408,159,443,183,,
294,43,car,0.334,496,128,523,146,,
295,39,car,0.711,775,172,810,197,,
295,42,car,0.626,401,159,442,182,,
295,43,car,0.321,495,128,523,146,,
296,39,car,0.595,774,170,808,197,,
296,42,car,0.525,398,161,433,183,,
296,41,car,0.349,731,127,760,148,,
297,39,car,0.582,774,169,806,195,,
297,42,car,0.528,396,164,431,184,,
297,41,car,0.348,731,126,761,146,,
297,43,car,0.287,494,128,521,147,,
298,39,car,0.658,773,167,806,194,,
298,42,car,0.504,392,163,432,187,,
299,39,car,0.685,772,165,806,193,,
299,42,car,0.372,388,165,430,189,,
300,39,car,0.683,772,165,806,193,,
300,42,car,0.373,388,165,430,189,,
301,44,car,0.760,990,468,1138,592,,
301,39,car,0.726,771,165,805,193,,
301,42,car,0.450,383,165,422,191,,
302,44,car,0.717,980,457,1128,575,,
302,39,car,0.712,770,164,803,192,,
302,42,car,0.472,381,167,417,191,,
303,44,car,0.750,973,443,1112,557,,
303,39,car,0.676,769,164,803,192,,
303,42,car,0.530,377,167,417,192,,
304,44,car,0.710,966,420,1100,544,,
304,39,car,0.654,769,163,803,191,,
304,42,car,0.523,372,168,415,193,,
305,42,car,0.669,368,169,412,193,,
305,44,car,0.661,959,416,1088,529,,
305,39,car,0.636,769,162,802,190,,
306,42,car,0.647,368,170,411,193,,
306,44,car,0.640,959,416,1088,529,,
306,39,car,0.640,769,162,802,190,,
307,44,car,0.801,953,409,1079,516,,
307,39,car,0.646,769,161,801,189,,
307,42,car,0.389,364,171,400,194,,
308,44,car,0.805,947,401,1067,502,,
308,39,car,0.636,769,161,800,188,,
308,42,car,0.386,359,171,400,194,,
309,44,car,0.833,938,392,1057,489,,
309,39,car,0.691,768,160,799,185,,
309,42,car,0.506,353,174,396,197,,
309,43,car,0.388,476,133,504,149,,
310,44,car,0.863,934,383,1052,478,,
310,39,car,0.752,767,159,798,182,,
310,42,car,0.510,351,171,394,197,,
311,44,car,0.798,928,366,1042,464,,
311,39,car,0.775,765,159,797,182,,
311,42,car,0.521,345,176,379,201,,
312,44,car,0.800,928,366,1042,464,,
312,39,car,0.774,765,159,797,181,,
312,42,car,0.523,345,176,379,201,,
313,44,car,0.846,923,358,1031,455,,
313,39,car,0.803,764,158,796,180,,
313,42,car,0.518,342,176,380,206,,
313,43,car,0.367,473,134,498,150,,
314,44,car,0.836,918,358,1023,446,,
314,39,car,0.789,764,159,796,179,,
314,42,car,0.562,334,177,379,207,,
315,44,car,0.856,912,350,1015,436,,
315,39,car,0.744,764,158,794,179,,
315,42,car,0.536,328,178,377,210,,
315,43,car,0.408,464,133,496,154,,
316,44,car,0.815,908,344,1008,426,,
316,39,car,0.718,764,156,794,178,,
316,42,car,0.561,326,181,372,211,,
316,43,car,0.325,464,134,494,154,,
317,44,car,0.861,904,338,1001,418,,
317,39,car,0.700,763,156,793,177,,
317,42,car,0.595,319,180,370,211,,
317,43,car,0.510,463,134,490,154,,
318,44,car,0.861,904,338,1001,418,,
318,39,car,0.701,763,156,793,177,,
318,42,car,0.594,319,180,370,211,,
318,43,car,0.511,463,134,490,154,,
319,44,car,0.818,899,319,995,410,,
319,39,car,0.722,762,155,793,177,,
319,42,car,0.593,313,178,368,212,,
319,43,car,0.358,462,134,490,156,,
320,44,car,0.859,896,317,991,402,,
320,39,car,0.784,761,155,792,176,,
320,42,car,0.529,311,181,361,213,,
320,43,car,0.474,460,134,489,156,,
321,44,car,0.843,890,318,982,394,,
321,39,car,0.737,761,154,792,175,,
321,43,car,0.580,458,134,486,157,,
321,42,car,0.403,304,185,352,214,,
322,39,car,0.756,760,152,790,174,,
322,44,car,0.750,886,315,973,387,,
322,43,car,0.472,457,134,482,157,,
322,42,car,0.401,298,183,352,214,,
323,39,car,0.719,760,151,789,173,,
323,44,car,0.589,882,309,969,382,,
323,43,car,0.572,453,133,480,157,,
323,42,car,0.486,294,183,347,214,,
324,39,car,0.717,760,151,789,173,,
324,44,car,0.589,882,309,969,382,,
324,43,car,0.575,453,133,480,157,,
324,42,car,0.489,294,183,347,214,,
325,44,car,0.697,881,304,961,375,,
325,39,car,0.683,760,150,788,172,,
325,43,car,0.609,445,132,479,158,,
325,42,car,0.494,287,182,339,217,,
326,44,car,0.760,875,299,957,368,,
326,45,car,0.701,1167,650,1279,719,,
326,39,car,0.663,760,150,788,172,,
326,43,car,0.593,443,133,477,159,,
326,42,car,0.585,281,187,330,218,,
327,45,car,0.784,1155,630,1279,717,,
327,39,car,0.670,759,149,787,172,,
327,44,car,0.658,870,290,952,363,,
327,42,car,0.636,275,188,332,218,,
327,43,car,0.470,443,134,477,159,,
328,45,car,0.850,1143,610,1279,718,,
328,44,car,0.742,868,287,947,356,,
328,39,car,0.706,759,149,786,171,,
328,42,car,0.583,269,188,325,219,,
328,43,car,0.544,441,134,476,160,,
329,45,car,0.849,1130,593,1279,717,,
329,44,car,0.732,867,287,944,351,,
329,39,car,0.689,759,149,786,171,,
329,43,car,0.645,441,135,475,160,,
329,42,car,0.641,263,189,319,221,,
329,46,car,0.423,557,127,582,147,,
330,45,car,0.849,1130,593,1279,717,,
330,44,car,0.732,867,287,944,351,,
330,39,car,0.689,759,149,786,171,,
330,43,car,0.646,441,135,475,160,,
330,42,car,0.642,263,189,319,221,,
330,46,car,0.422,557,127,582,147,,
331,45,car,0.882,1120,574,1279,716,,
331,44,car,0.765,867,283,939,346,,
331,43,car,0.684,439,134,474,160,,
331,39,car,0.642,758,147,786,170,,
331,42,car,0.642,256,193,315,222,,
331,46,car,0.515,556,129,581,148,,
332,45,car,0.834,1109,558,1279,703,,
332,39,car,0.635,757,146,785,169,,
332,42,car,0.628,249,190,312,225,,
332,43,car,0.621,438,136,473,161,,
332,46,car,0.615,554,129,579,148,,
332,44,car,0.557,860,278,935,341,,
333,45,car,0.700,1098,541,1276,680,,
333,42,car,0.677,243,192,306,225,,
333,39,car,0.625,757,146,785,167,,
333,44,car,0.609,855,271,933,336,,
333,46,car,0.579,553,130,578,149,,
333,43,car,0.557,435,137,467,162,,
334,45,car,0.680,1090,525,1261,660,,
334,44,car,0.657,854,266,925,331,,
334,39,car,0.555,756,146,785,167,,
334,42,car,0.538,237,194,296,225,,
334,46,car,0.468,552,130,577,150,,
334,43,car,0.467,432,137,466,163,,
335,45,car,0.759,1078,508,1245,640,,
335,44,car,0.749,851,264,920,326,,
335,39,car,0.595,755,146,785,167,,
335,42,car,0.513,230,196,290,228,,
335,46,car,0.450,552,131,576,150,,
335,43,car,0.449,431,139,465,163,,
336,45,car,0.757,1078,508,1245,640,,
336,44,car,0.747,851,264,920,326,,
336,39,car,0.594,755,146,785,167,,
336,42,car,0.499,230,196,290,228,,
336,46,car,0.463,552,131,576,150,,
336,43,car,0.455,431,139,465,163,,
337,44,car,0.759,849,263,917,321,,
337,45,car,0.732,1070,487,1232,623,,
337,39,car,0.545,755,146,784,166,,
337,42,car,0.443,223,199,283,230,,
337,46,car,0.397,550,132,576,150,,
337,43,car,0.383,429,140,461,163,,
338,45,car,0.868,1064,483,1217,604,,
338,44,car,0.804,848,260,916,319,,
338,42,car,0.582,215,197,277,231,,
338,43,car,0.562,426,143,458,164,,
338,39,car,0.512,755,146,783,166,,
338,46,car,0.375,547,133,575,150,,
339,45,car,0.858,1056,471,1205,589,,
339,44,car,0.635,843,258,911,311,,
339,46,car,0.625,544,133,574,151,,
339,39,car,0.554,755,145,783,165,,
339,42,car,0.532,210,199,270,229,,
339,43,car,0.440,426,143,457,164,,
340,45,car,0.850,1051,460,1194,574,,
340,46,car,0.648,544,132,572,151,,
340,44,car,0.632,842,254,911,307,,
340,42,car,0.596,199,201,264,236,,
340,39,car,0.538,755,145,782,164,,
340,43,car,0.460,422,143,452,165,,
341,45,car,0.870,1043,449,1182,559,,
341,44,car,0.598,840,251,903,304,,
341,43,car,0.594,418,142,451,166,,
341,42,car,0.568,191,204,257,235,,
341,46,car,0.543,543,132,571,152,,
341,39,car,0.459,754,145,781,164,,
342,45,car,0.869,1043,449,1182,559,,
342,42,car,0.659,191,209,252,239,,
342,44,car,0.598,840,251,903,304,,
342,43,car,0.595,418,142,451,166,,
342,47,car,0.568,191,204,257,235,,
342,46,car,0.556,543,132,571,152,,
342,39,car,0.452,754,145,781,164,,
343,45,car,0.801,1038,437,1170,545,,
343,42,car,0.684,184,205,250,240,,
343,44,car,0.593,836,249,899,299,,
343,43,car,0.506,416,142,449,167,,
343,39,car,0.380,754,143,781,163,,
343,46,car,0.338,542,132,568,153,,
344,45,car,0.809,1028,426,1161,533,,
344,42,car,0.727,176,206,243,241,,
344,44,car,0.678,835,244,896,296,,
344,43,car,0.502,412,141,447,167,,
344,46,car,0.384,540,132,567,155,,
344,39,car,0.373,754,142,781,162,,
345,45,car,0.752,1013,414,1151,519,,
345,44,car,0.726,833,243,893,293,,
345,42,car,0.628,166,207,234,243,,
345,43,car,0.564,410,140,443,168,,
345,46,car,0.441,539,134,566,155,,
345,39,car,0.351,754,141,781,162,,
346,45,car,0.824,1012,408,1141,507,,
346,44,car,0.781,832,240,889,289,,
346,42,car,0.545,159,209,227,245,,
346,46,car,0.501,537,134,565,157,,
346,43,car,0.455,408,139,442,168,,
346,39,car,0.345,753,140,780,161,,
347,45,car,0.851,1009,400,1131,496,,
347,44,car,0.780,828,237,886,286,,
347,48,car,0.709,1042,657,1237,719,,
347,42,car,0.642,150,211,219,248,,
347,46,car,0.513,537,133,565,159,,
347,43,car,0.429,404,141,441,169,,
348,45,car,0.851,1009,400,1131,496,,
348,44,car,0.781,828,236,886,286,,
348,48,car,0.709,1042,657,1237,719,,
348,42,car,0.638,151,211,219,248,,
348,46,car,0.513,537,133,565,159,,
348,43,car,0.418,404,141,441,169,,
349,45,car,0.857,1009,390,1122,484,,
349,48,car,0.798,1027,632,1232,719,,
349,44,car,0.733,828,234,885,284,,
349,42,car,0.583,140,213,213,251,,
349,43,car,0.451,399,142,438,171,,
349,46,car,0.382,534,135,562,160,,
350,45,car,0.895,1001,383,1115,473,,
350,44,car,0.697,824,230,886,279,,
350,42,car,0.617,130,217,203,255,,
350,49,car,0.499,130,226,184,255,,
350,43,car,0.403,397,146,435,171,,
350,46,car,0.348,531,135,561,160,,
350,39,car,0.260,751,139,777,159,,
351,45,car,0.796,996,374,1107,464,,
351,44,car,0.703,824,231,887,277,,
351,42,car,0.588,123,218,194,256,,
351,43,car,0.463,394,150,433,171,,
351,46,car,0.340,527,136,560,160,,
352,44,car,0.760,822,229,877,274,,
352,45,car,0.722,992,367,1099,453,,
352,43,car,0.544,393,150,429,173,,
352,42,car,0.522,121,219,187,256,,
352,46,car,0.365,526,136,559,160,,
352,39,car,0.252,751,138,778,157,,
353,45,car,0.721,987,361,1090,446,,
353,44,car,0.720,820,226,876,272,,
353,42,car,0.456,114,221,178,258,,
353,43,car,0.336,390,150,427,173,,
353,39,car,0.265,750,138,777,157,,
353,46,car,0.260,526,137,556,160,,
354,45,car,0.722,987,361,1090,446,,
354,44,car,0.719,820,226,876,272,,
354,42,car,0.458,114,221,178,258,,
354,43,car,0.332,390,151,427,173,,
354,39,car,0.266,751,138,777,157,,
354,46,car,0.265,526,137,556,160,,
355,44,car,0.756,818,224,873,268,,
355,45,car,0.727,981,355,1084,437,,
355,42,car,0.473,105,225,168,258,,
355,43,car,0.455,384,150,425,174,,
355,46,car,0.418,525,136,555,161,,
355,39,car,0.272,750,138,778,157,,
356,45,car,0.825,970,349,1078,429,,
356,44,car,0.701,816,222,868,263,,
356,42,car,0.663,81,225,160,261,,
356,43,car,0.514,382,150,422,176,,
356,46,car,0.379,523,138,553,161,,
356,39,car,0.373,749,137,778,157,,
357,45,car,0.848,967,343,1071,419,,
357,50,car,0.847,963,508,1127,650,,
357,44,car,0.671,815,218,866,261,,
357,42,car,0.641,72,229,153,267,,
357,46,car,0.480,521,137,552,161,,
357,43,car,0.368,379,151,419,176,,
357,39,car,0.297,749,136,775,156,,
358,50,car,0.921,955,492,1114,630,,
358,45,car,0.844,965,336,1066,413,,
358,44,car,0.735,813,217,864,259,,
358,42,car,0.605,62,228,141,270,,
358,46,car,0.503,520,140,551,164,,
358,43,car,0.451,376,153,415,175,,
358,39,car,0.356,749,135,774,155,,
359,45,car,0.853,964,331,1058,406,,
359,50,car,0.852,947,479,1101,614,,
359,44,car,0.766,812,216,862,257,,
359,46,car,0.573,519,142,549,164,,
359,42,car,0.507,48,235,112,272,,
359,51,car,0.467,567,147,595,165,,
359,43,car,0.283,373,155,410,176,,
360,45,car,0.855,963,331,1058,406,,
360,50,car,0.851,947,479,1101,614,,
360,44,car,0.762,812,216,862,257,,
360,46,car,0.573,519,142,549,164,,
360,42,car,0.508,48,235,112,272,,
360,51,car,0.465,567,147,595,165,,
360,43,car,0.292,373,155,410,176,,
361,50,car,0.890,942,466,1087,594,,
361,45,car,0.819,961,325,1052,399,,
361,44,car,0.773,811,215,861,255,,
361,46,car,0.590,517,143,547,165,,
361,42,car,0.579,37,235,110,276,,
361,51,car,0.528,566,147,593,166,,
361,43,car,0.362,367,155,408,179,,
362,50,car,0.872,935,453,1078,581,,
362,45,car,0.848,959,320,1048,391,,
362,44,car,0.756,809,212,860,253,,
362,46,car,0.582,513,143,545,166,,
362,42,car,0.516,27,235,110,278,,
362,51,car,0.448,563,148,592,167,,
362,43,car,0.346,363,154,407,180,,
363,50,car,0.869,929,443,1067,564,,
363,45,car,0.756,956,315,1042,387,,
363,44,car,0.740,807,210,857,250,,
363,46,car,0.631,512,145,544,167,,
363,42,car,0.589,18,238,99,284,,
363,51,car,0.371,562,149,591,168,,
363,43,car,0.319,361,157,401,181,,
364,50,car,0.855,922,431,1055,548,,
364,44,car,0.709,806,208,853,247,,
364,46,car,0.606,512,145,543,167,,
364,42,car,0.600,1,241,89,288,,
364,45,car,0.597,953,311,1036,380,,
364,51,car,0.547,560,149,590,168,,
364,43,car,0.434,358,157,399,181,,
364,39,car,0.253,748,133,771,152,,
365,50,car,0.886,916,419,1045,533,,
365,44,car,0.723,803,207,849,244,,
365,45,car,0.699,951,306,1030,374,,
365,43,car,0.677,353,158,395,182,,
365,42,car,0.641,0,243,77,289,,
365,46,car,0.600,509,145,539,167,,
365,51,car,0.509,560,149,588,167,,
365,39,car,0.313,747,132,770,151,,
366,50,car,0.886,916,419,1045,533,,
366,44,car,0.724,803,207,849,244,,
366,45,car,0.693,951,306,1030,374,,
366,43,car,0.676,353,158,395,182,,
366,42,car,0.645,0,243,77,289,,
366,46,car,0.601,509,145,539,167,,
366,51,car,0.511,560,149,588,167,,
366,39,car,0.324,747,132,770,151,,
367,50,car,0.880,911,411,1037,518,,
367,44,car,0.713,802,204,848,242,,
367,46,car,0.614,506,146,538,169,,
367,45,car,0.609,939,302,1024,367,,
367,43,car,0.553,352,158,394,182,,
367,42,car,0.541,0,247,68,292,,
367,51,car,0.517,559,149,587,167,,
367,39,car,0.497,747,132,771,150,,
368,50,car,0.799,906,401,1026,507,,
368,44,car,0.740,802,205,847,241,,
368,43,car,0.637,347,159,390,183,,
368,45,car,0.612,940,297,1020,361,,
368,46,car,0.601,505,146,536,169,,
368,42,car,0.565,0,249,55,290,,
368,39,car,0.455,747,132,771,150,,
368,51,car,0.436,557,149,585,171,,
369,50,car,0.833,899,389,1018,495,,
369,45,car,0.825,935,294,1017,356,,
369,44,car,0.760,801,202,845,240,,
369,43,car,0.678,345,159,387,184,,
369,46,car,0.557,503,145,535,172,,
369,51,car,0.505,554,150,584,172,,
369,42,car,0.465,0,252,44,291,,
369,39,car,0.372,747,131,770,149,,
370,50,car,0.823,896,382,1010,484,,
370,45,car,0.777,932,289,1012,351,,
370,44,car,0.757,800,199,844,236,,
370,42,car,0.628,0,255,33,291,,
370,43,car,0.591,338,159,383,185,,
370,46,car,0.568,498,145,535,174,,
370,51,car,0.451,553,154,583,173,,
370,39,car,0.326,747,131,769,148,,
371,50,car,0.887,892,375,1002,472,,
371,45,car,0.752,931,286,1006,348,,
371,44,car,0.747,798,200,842,235,,
371,46,car,0.563,496,146,533,175,,
371,43,car,0.530,335,159,380,187,,
371,51,car,0.418,545,152,582,175,,
371,39,car,0.266,746,131,768,148,,
372,50,car,0.889,892,375,1002,472,,
372,45,car,0.751,931,286,1006,348,,
372,44,car,0.748,798,200,842,235,,
372,46,car,0.575,496,146,533,175,,
372,43,car,0.531,335,159,380,187,,
372,51,car,0.438,545,152,582,175,,
372,39,car,0.278,746,131,768,148,,
373,50,car,0.884,886,365,994,461,,
373,45,car,0.734,929,282,1002,343,,
373,44,car,0.715,796,196,840,232,,
373,43,car,0.541,330,159,377,188,,
373,46,car,0.502,496,147,531,176,,
373,51,car,0.403,537,149,580,178,,
373,39,car,0.310,746,131,768,147,,
374,50,car,0.903,883,359,989,451,,
374,45,car,0.774,925,279,1000,340,,
374,44,car,0.657,794,195,838,230,,
374,43,car,0.514,326,162,371,189,,
374,46,car,0.459,493,149,528,176,,
374,39,car,0.317,746,130,769,147,,
374,51,car,0.301,531,149,578,179,,
375,50,car,0.884,878,353,981,442,,
375,45,car,0.710,924,274,995,334,,
375,44,car,0.700,794,193,835,229,,
375,46,car,0.553,491,150,526,177,,
375,43,car,0.531,321,163,368,190,,
375,51,car,0.428,538,153,577,180,,
375,39,car,0.336,745,130,769,147,,
376,50,car,0.894,877,347,974,432,,
376,44,car,0.705,793,190,834,228,,
376,43,car,0.585,317,165,364,192,,
376,46,car,0.544,489,150,524,177,,
376,45,car,0.529,917,270,992,330,,
376,39,car,0.354,745,130,770,146,,
376,51,car,0.348,538,156,577,181,,
377,44,car,0.744,792,189,832,225,,
377,50,car,0.743,871,341,967,423,,
377,43,car,0.659,314,164,361,192,,
377,46,car,0.556,486,152,522,178,,
377,45,car,0.544,919,268,987,323,,
377,51,car,0.459,538,156,572,182,,
377,39,car,0.384,745,129,771,146,,
378,50,car,0.746,871,341,967,423,,
378,44,car,0.743,792,189,832,225,,
378,43,car,0.658,314,164,361,192,,
378,46,car,0.545,486,152,522,178,,
378,45,car,0.536,919,268,987,323,,
378,52,car,0.481,869,341,1043,425,,
378,51,car,0.450,537,156,572,182,,
378,39,car,0.384,745,130,771,146,,
379,50,car,0.799,866,334,962,416,,
379,44,car,0.754,790,188,831,223,,
379,43,car,0.554,309,167,357,194,,
379,45,car,0.534,911,262,985,321,,
379,46,car,0.530,482,153,520,179,,
379,51,car,0.364,535,156,571,183,,
379,39,car,0.315,745,129,771,146,,
380,50,car,0.865,864,329,955,407,,
380,43,car,0.718,303,166,353,195,,
380,44,car,0.715,788,185,829,221,,
380,46,car,0.623,480,153,517,180,,
380,45,car,0.598,910,260,981,317,,
380,51,car,0.466,534,159,568,184,,
380,53,car,0.438,910,260,1022,318,,
380,39,car,0.323,744,128,771,145,,
381,50,car,0.849,860,322,951,400,,
381,44,car,0.790,787,186,827,220,,
381,43,car,0.665,300,167,347,197,,
381,45,car,0.599,909,259,977,310,,
381,46,car,0.568,480,154,515,181,,
381,51,car,0.487,532,161,566,185,,
381,39,car,0.265,744,128,769,145,,
382,50,car,0.833,857,318,945,392,,
382,44,car,0.807,787,185,826,218,,
382,43,car,0.725,297,170,345,197,,
382,45,car,0.711,906,258,973,307,,
382,46,car,0.534,477,155,513,182,,
382,51,car,0.456,527,162,565,187,,
382,39,car,0.258,744,128,770,145,,
383,50,car,0.810,854,313,941,386,,
383,44,car,0.793,785,183,825,215,,
383,45,car,0.729,904,254,969,305,,
383,54,car,0.690,1182,625,1279,720,,
383,43,car,0.675,289,170,339,199,,
383,46,car,0.625,475,155,512,183,,
383,51,car,0.549,527,164,562,188,,
384,50,car,0.810,854,313,941,386,,
384,44,car,0.793,785,183,825,215,,
384,45,car,0.728,904,254,969,305,,
384,54,car,0.698,1182,625,1279,720,,
384,43,car,0.674,289,170,339,199,,
384,46,car,0.625,475,155,512,183,,
384,51,car,0.549,527,164,562,188,,
385,50,car,0.831,851,308,936,381,,
385,54,car,0.810,1168,606,1279,719,,
385,44,car,0.754,784,182,823,214,,
385,45,car,0.721,903,252,965,301,,
385,43,car,0.714,285,170,335,199,,
385,46,car,0.659,472,156,510,185,,
385,51,car,0.557,525,165,560,189,,
386,54,car,0.823,1153,587,1279,716,,
386,50,car,0.797,848,304,932,374,,
386,45,car,0.782,902,250,961,297,,
386,44,car,0.756,784,181,821,213,,
386,43,car,0.699,281,170,331,200,,
386,46,car,0.596,468,154,509,186,,
386,51,car,0.478,524,166,558,190,,
387,54,car,0.874,1142,568,1279,705,,
387,50,car,0.825,845,299,926,368,,
387,45,car,0.765,900,247,956,294,,
387,44,car,0.719,783,179,820,211,,
387,43,car,0.660,275,172,327,202,,
387,46,car,0.649,464,156,506,188,,
387,51,car,0.478,521,166,557,192,,
388,54,car,0.846,1129,551,1279,684,,
388,50,car,0.804,842,296,920,363,,
388,45,car,0.764,897,246,955,291,,
388,44,car,0.722,780,178,818,210,,
388,43,car,0.715,271,172,323,203,,
388,46,car,0.631,463,154,503,190,,
388,55,car,0.415,559,131,586,149,,
388,51,car,0.398,518,168,554,195,,
389,50,car,0.798,840,291,917,357,,
389,54,car,0.750,1118,536,1279,663,,
389,43,car,0.737,265,173,316,206,,
389,44,car,0.726,779,177,817,209,,
389,45,car,0.712,899,244,954,289,,
389,51,car,0.578,512,168,553,197,,
389,46,car,0.538,461,157,500,192,,
389,55,car,0.330,560,130,586,149,,
390,50,car,0.797,841,291,917,357,,
390,54,car,0.752,1118,536,1279,663,,
390,43,car,0.738,265,173,316,206,,
390,44,car,0.727,779,177,817,209,,
390,45,car,0.709,899,244,954,289,,
390,51,car,0.580,512,168,553,197,,
390,46,car,0.541,461,157,500,192,,
390,55,car,0.332,560,130,586,149,,
391,54,car,0.835,1105,521,1263,646,,
391,50,car,0.834,838,287,913,352,,
391,44,car,0.778,778,176,817,207,,
391,43,car,0.658,260,175,311,206,,
391,51,car,0.638,509,168,550,198,,
391,45,car,0.594,898,244,955,288,,
391,46,car,0.586,457,158,499,193,,
391,55,car,0.301,559,132,586,150,,
392,54,car,0.844,1096,507,1248,627,,
392,50,car,0.808,837,283,908,345,,
392,51,car,0.747,506,168,548,199,,
392,44,car,0.736,778,176,815,207,,
392,43,car,0.663,253,175,308,207,,
392,46,car,0.604,455,159,498,194,,
392,45,car,0.527,893,241,950,283,,
392,55,car,0.470,557,132,586,150,,
393,54,car,0.843,1086,493,1231,609,,
393,50,car,0.785,834,281,906,342,,
393,44,car,0.740,776,175,812,205,,
393,51,car,0.695,504,170,545,201,,
393,43,car,0.559,250,176,302,208,,
393,45,car,0.538,890,234,945,278,,
393,46,car,0.523,452,161,494,195,,
393,56,car,0.447,441,132,478,154,,
393,55,car,0.387,556,132,585,150,,
394,54,car,0.826,1075,482,1216,594,,
394,44,car,0.775,776,174,810,203,,
394,50,car,0.728,830,273,901,337,,
394,43,car,0.624,242,176,299,209,,
394,45,car,0.605,887,234,941,275,,
394,51,car,0.570,503,171,544,202,,
394,56,car,0.537,440,132,477,156,,
394,46,car,0.381,448,163,492,196,,
394,55,car,0.373,556,133,582,150,,
394,39,car,0.266,743,122,769,142,,
395,54,car,0.825,1067,470,1205,578,,
395,44,car,0.761,775,174,811,202,,
395,50,car,0.709,828,272,899,334,,
395,45,car,0.640,886,231,939,273,,
395,51,car,0.599,500,174,542,205,,
395,43,car,0.541,233,178,293,211,,
395,56,car,0.525,440,133,476,157,,
395,46,car,0.436,445,164,489,197,,
395,55,car,0.376,556,133,581,151,,
396,54,car,0.825,1067,470,1205,578,,
396,44,car,0.762,775,174,811,202,,
396,50,car,0.716,828,272,899,333,,
396,45,car,0.641,886,231,939,273,,
396,51,car,0.600,500,174,542,205,,
396,43,car,0.539,233,178,293,211,,
396,56,car,0.526,440,133,476,157,,
396,46,car,0.435,445,164,489,197,,
396,55,car,0.377,556,133,581,151,,
397,44,car,0.767,775,172,809,200,,
397,54,car,0.762,1056,458,1189,563,,
397,50,car,0.748,825,268,893,326,,
397,55,car,0.612,553,133,580,152,,
397,45,car,0.583,885,230,936,271,,
397,51,car,0.565,496,177,539,207,,
397,43,car,0.499,230,179,287,212,,
397,46,car,0.489,442,164,484,198,,
397,56,car,0.488,440,134,475,157,,
397,39,car,0.299,742,120,769,141,,
398,50,car,0.802,822,266,889,322,,
398,54,car,0.748,1049,448,1178,549,,
398,44,car,0.726,774,171,808,198,,
398,43,car,0.622,224,182,282,215,,
398,45,car,0.533,881,227,934,270,,
398,55,car,0.510,553,133,578,153,,
398,56,car,0.475,440,134,473,158,,
398,51,car,0.428,492,180,534,208,,
398,46,car,0.410,439,165,481,198,,
398,39,car,0.274,742,122,768,141,,
399,54,car,0.883,1041,436,1165,535,,
399,50,car,0.840,820,262,886,319,,
399,57,car,0.795,0,632,191,717,,
399,44,car,0.746,773,168,806,197,,
399,43,car,0.631,218,182,276,215,,
399,46,car,0.606,434,167,481,201,,
399,51,car,0.601,488,181,531,210,,
399,45,car,0.546,879,225,931,265,,
399,56,car,0.454,439,133,472,158,,
399,55,car,0.365,552,132,577,155,,
399,39,car,0.263,742,121,769,140,,
400,57,car,0.853,0,599,221,719,,
400,54,car,0.813,1032,428,1154,524,,
400,50,car,0.794,818,259,883,314,,
400,44,car,0.730,771,168,804,197,,
400,46,car,0.682,430,171,477,201,,
400,45,car,0.655,875,223,927,261,,
400,51,car,0.626,487,180,529,212,,
400,43,car,0.579,212,183,269,216,,
400,56,car,0.463,438,135,469,159,,
400,39,car,0.251,742,121,768,140,,
401,57,car,0.846,22,569,249,718,,
401,54,car,0.797,1028,418,1144,512,,
401,50,car,0.771,817,256,880,310,,
401,51,car,0.741,484,182,527,214,,
401,44,car,0.691,770,167,803,196,,
401,45,car,0.685,876,222,926,259,,
401,43,car,0.628,207,185,265,219,,
401,46,car,0.578,428,172,473,204,,
401,56,car,0.419,436,135,466,159,,
401,39,car,0.283,742,120,767,139,,
402,57,car,0.847,22,569,249,718,,
402,54,car,0.797,1028,418,1144,512,,
402,50,car,0.770,817,256,880,310,,
402,51,car,0.743,484,182,527,214,,
402,44,car,0.689,770,167,803,196,,
402,45,car,0.686,876,222,926,259,,
402,43,car,0.628,207,185,265,219,,
402,46,car,0.577,428,172,473,204,,
402,56,car,0.421,436,135,466,159,,
402,39,car,0.282,742,120,767,139,,
403,54,car,0.825,1017,409,1134,501,,
403,50,car,0.762,814,252,876,306,,
403,51,car,0.751,479,185,524,215,,
403,45,car,0.734,871,218,923,257,,
403,44,car,0.648,770,167,802,193,,
403,43,car,0.643,201,186,259,220,,
403,46,car,0.574,424,174,471,206,,
403,56,car,0.424,434,136,465,161,,
404,54,car,0.783,1009,400,1123,489,,
404,50,car,0.750,812,249,873,303,,
404,51,car,0.734,475,184,522,218,,
404,45,car,0.706,870,217,922,256,,
404,44,car,0.642,769,166,801,193,,
404,46,car,0.535,420,176,468,208,,
404,43,car,0.515,192,189,252,222,,
405,54,car,0.864,1007,392,1114,480,,
405,50,car,0.757,811,249,871,301,,
405,45,car,0.685,868,216,920,254,,
405,51,car,0.684,471,188,519,220,,
405,46,car,0.613,414,176,466,211,,
405,44,car,0.600,769,165,801,192,,
405,43,car,0.521,186,191,245,223,,
405,55,car,0.331,543,132,578,159,,
406,54,car,0.849,999,385,1106,468,,
406,50,car,0.672,810,245,869,296,,
406,44,car,0.633,770,164,801,192,,
406,51,car,0.594,467,188,516,223,,
406,46,car,0.593,413,178,461,212,,
406,43,car,0.582,178,189,238,225,,
406,45,car,0.565,868,214,919,252,,
406,55,car,0.277,543,131,578,158,,
406,39,car,0.251,742,118,767,138,,
407,54,car,0.840,993,376,1097,458,,
407,50,car,0.707,808,241,866,292,,
407,46,car,0.663,409,178,458,214,,
407,44,car,0.640,770,163,801,190,,
407,43,car,0.599,171,191,234,228,,
407,51,car,0.584,460,190,514,225,,
407,45,car,0.550,864,214,921,250,,
407,55,car,0.281,542,131,578,159,,
407,39,car,0.278,742,117,767,137,,
408,57,car,0.865,187,457,356,584,,
408,54,car,0.840,993,376,1097,457,,
408,50,car,0.705,809,241,866,292,,
408,46,car,0.662,409,178,458,214,,
408,44,car,0.645,770,163,801,190,,
408,43,car,0.593,171,191,234,228,,
408,51,car,0.579,460,190,514,225,,
408,45,car,0.549,864,214,921,250,,
408,39,car,0.283,742,117,767,137,,
408,55,car,0.274,542,130,578,158,,
409,54,car,0.820,988,371,1090,450,,
409,57,car,0.812,212,439,372,559,,
409,50,car,0.732,806,240,864,289,,
409,46,car,0.659,404,179,457,216,,
409,43,car,0.618,163,192,228,230,,
409,51,car,0.600,458,191,511,228,,
409,44,car,0.552,769,161,799,189,,
409,45,car,0.532,864,213,912,247,,
409,39,car,0.305,742,116,767,136,,
409,55,car,0.280,540,134,577,159,,
410,54,car,0.815,983,363,1081,442,,
410,57,car,0.793,235,424,388,538,,
410,46,car,0.737,400,180,452,218,,
410,50,car,0.680,806,234,860,285,,
410,43,car,0.659,154,195,219,232,,
410,51,car,0.601,455,195,507,230,,
410,45,car,0.591,864,211,909,244,,
410,44,car,0.574,767,161,796,188,,
410,55,car,0.276,540,135,575,158,,
411,54,car,0.821,977,356,1074,432,,
411,46,car,0.700,394,181,450,220,,
411,50,car,0.658,805,233,859,280,,
411,57,car,0.643,258,408,404,518,,
411,51,car,0.643,449,196,503,233,,
411,44,car,0.642,765,160,796,186,,
411,45,car,0.600,863,208,907,242,,
411,43,car,0.596,146,196,213,233,,
411,58,car,0.407,412,140,446,164,,
411,55,car,0.282,540,133,574,159,,
412,54,car,0.786,972,349,1065,424,,
412,57,car,0.742,278,394,416,501,,
412,51,car,0.726,445,198,497,236,,
412,50,car,0.726,805,233,856,278,,
412,44,car,0.690,765,160,794,183,,
412,46,car,0.617,392,184,444,222,,
412,45,car,0.591,862,205,906,240,,
412,43,car,0.588,138,196,205,236,,
412,55,car,0.367,539,137,573,159,,
412,58,car,0.344,408,138,444,165,,
412,39,car,0.276,741,117,766,134,,
413,54,car,0.848,964,344,1060,418,,
413,57,car,0.747,296,381,429,485,,
413,44,car,0.720,764,159,793,183,,
413,50,car,0.648,802,229,856,275,,
413,46,car,0.646,387,185,440,225,,
413,51,car,0.625,441,200,496,239,,
413,45,car,0.598,860,204,903,237,,
413,43,car,0.548,132,200,200,235,,
413,58,car,0.322,407,138,443,166,,
413,55,car,0.313,539,135,574,161,,
414,54,car,0.849,964,344,1060,418,,
414,57,car,0.745,296,381,429,485,,
414,44,car,0.720,764,159,793,183,,
414,50,car,0.647,802,229,856,275,,
414,46,car,0.646,387,185,440,225,,
414,51,car,0.625,441,200,496,239,,
414,45,car,0.597,860,204,903,237,,
414,43,car,0.544,132,200,200,235,,
414,59,car,0.403,129,210,167,236,,
414,58,car,0.318,407,138,443,166,,
414,55,car,0.317,539,135,574,161,,
415,54,car,0.846,961,339,1050,411,,
415,57,car,0.771,314,371,440,468,,
415,44,car,0.699,763,159,793,182,,
415,50,car,0.642,797,226,855,274,,
415,46,car,0.627,381,189,435,225,,
415,45,car,0.618,858,201,900,237,,
415,59,car,0.586,125,207,174,237,,
415,43,car,0.574,123,201,192,237,,
415,51,car,0.553,437,202,492,243,,
415,55,car,0.286,535,135,569,162,,
416,57,car,0.834,329,360,451,453,,
416,54,car,0.821,956,333,1045,403,,
416,44,car,0.701,762,159,792,181,,
416,46,car,0.655,378,188,431,226,,
416,50,car,0.611,800,223,858,270,,
416,51,car,0.605,432,203,486,244,,
416,45,car,0.551,855,200,898,233,,
416,43,car,0.476,118,203,187,240,,
417,54,car,0.871,953,327,1038,396,,
417,57,car,0.761,346,348,461,438,,
417,44,car,0.676,761,157,792,180,,
417,46,car,0.629,373,192,426,227,,
417,51,car,0.583,427,205,482,245,,
417,50,car,0.544,795,224,847,268,,
417,45,car,0.526,854,199,897,232,,
417,43,car,0.446,127,205,179,242,,
417,60,car,0.417,526,141,557,164,,
418,57,car,0.852,359,343,470,424,,
418,54,car,0.806,950,324,1031,390,,
418,44,car,0.713,761,156,791,179,,
418,51,car,0.703,423,207,479,248,,
418,46,car,0.630,367,192,424,231,,
418,50,car,0.588,794,221,844,263,,
418,45,car,0.524,853,199,895,229,,
418,43,car,0.440,108,207,170,244,,
418,60,car,0.438,526,142,555,165,,
419,57,car,0.816,372,332,480,414,,
419,54,car,0.792,945,318,1026,384,,
419,44,car,0.683,760,156,791,179,,
419,51,car,0.614,414,207,475,253,,
419,50,car,0.597,794,215,843,261,,
419,45,car,0.576,850,198,893,229,,
419,46,car,0.553,361,195,419,235,,
419,43,car,0.477,88,207,162,249,,
419,60,car,0.474,525,143,555,165,,
420,57,car,0.816,372,332,480,414,,
420,54,car,0.794,945,318,1026,384,,
420,44,car,0.685,760,156,791,179,,
420,51,car,0.614,414,207,475,253,,
420,50,car,0.599,794,215,843,261,,
420,45,car,0.575,850,198,893,229,,
420,46,car,0.552,361,195,419,235,,
420,43,car,0.477,88,207,162,249,,
420,60,car,0.475,525,143,555,165,,
420,61,car,0.401,118,207,161,246,,
420,62,car,0.354,476,133,502,147,,
421,57,car,0.836,384,324,487,403,,
421,54,car,0.764,941,315,1020,379,,
421,44,car,0.718,760,155,790,178,,
421,45,car,0.668,849,198,892,228,,
421,51,car,0.616,409,211,469,257,,
421,50,car,0.593,791,214,840,257,,
421,46,car,0.476,359,191,416,236,,
421,60,car,0.472,524,144,554,165,,
421,43,car,0.444,82,210,154,245,,
421,62,car,0.369,475,132,501,147,,
422,54,car,0.800,934,309,1014,374,,
422,57,car,0.777,395,318,496,391,,
422,44,car,0.694,759,154,790,177,,
422,51,car,0.683,402,214,465,260,,
422,45,car,0.614,848,196,891,227,,
422,50,car,0.608,789,212,838,255,,
422,43,car,0.589,72,212,146,253,,
422,60,car,0.521,522,144,552,166,,
422,46,car,0.480,353,195,412,238,,
422,63,car,0.433,788,212,865,257,,
422,62,car,0.284,474,132,498,148,,
423,57,car,0.812,409,310,502,383,,
423,51,car,0.755,396,220,461,262,,
423,44,car,0.715,759,153,789,176,,
423,54,car,0.669,930,304,1008,366,,
423,50,car,0.578,787,210,839,253,,
423,45,car,0.541,848,195,890,225,,
423,46,car,0.522,346,196,410,241,,
423,60,car,0.487,521,146,552,166,,
423,63,car,0.480,788,210,857,254,,
423,43,car,0.395,63,211,139,255,,
424,57,car,0.760,417,302,510,372,,
424,44,car,0.749,759,152,786,176,,
424,54,car,0.735,926,301,1003,361,,
424,46,car,0.618,340,200,401,246,,
424,50,car,0.583,786,209,840,251,,
424,51,car,0.537,391,223,458,268,,
424,45,car,0.490,846,193,886,223,,
424,60,car,0.424,521,147,548,169,,
424,62,car,0.412,470,132,496,149,,
424,63,car,0.395,785,209,870,254,,
424,43,car,0.299,53,217,128,257,,
425,54,car,0.786,928,297,997,354,,
425,57,car,0.782,426,295,516,363,,
425,44,car,0.731,759,152,786,175,,
425,51,car,0.667,383,225,450,273,,
425,50,car,0.661,785,208,835,247,,
425,60,car,0.588,516,147,547,170,,
425,62,car,0.583,469,133,495,150,,
425,46,car,0.576,335,203,397,247,,
425,43,car,0.530,42,220,110,260,,
425,45,car,0.528,845,191,882,222,,
426,54,car,0.789,928,297,997,354,,
426,57,car,0.783,426,295,516,363,,
426,44,car,0.730,759,152,786,175,,
426,50,car,0.662,785,208,835,247,,
426,51,car,0.661,383,225,450,273,,
426,60,car,0.588,516,147,547,170,,
426,62,car,0.587,469,133,495,150,,
426,46,car,0.576,335,203,397,247,,
426,45,car,0.531,845,191,882,222,,
426,43,car,0.529,42,220,110,260,,
426,64,car,0.438,462,132,495,151,,
427,54,car,0.812,921,292,994,352,,
427,57,car,0.746,434,290,525,354,,
427,44,car,0.732,759,152,786,174,,
427,50,car,0.709,784,207,835,246,,
427,46,car,0.633,329,203,393,251,,
427,60,car,0.545,513,147,545,172,,
427,62,car,0.520,468,134,494,150,,
427,45,car,0.491,842,188,884,221,,
427,43,car,0.483,32,221,109,262,,
427,51,car,0.470,377,230,445,276,,
428,57,car,0.832,446,283,531,348,,
428,54,car,0.764,918,289,988,348,,
428,44,car,0.729,759,151,786,174,,
428,46,car,0.662,318,204,388,254,,
428,50,car,0.660,783,205,830,245,,
428,45,car,0.557,839,187,882,217,,
428,51,car,0.541,371,231,439,278,,
428,60,car,0.473,512,147,542,173,,
428,43,car,0.456,23,223,102,264,,
428,62,car,0.367,468,133,491,150,,
428,64,car,0.312,462,132,493,151,,
429,57,car,0.818,453,279,536,340,,
429,54,car,0.809,914,286,984,343,,
429,51,car,0.775,363,235,435,283,,
429,44,car,0.737,757,150,786,173,,
429,46,car,0.648,312,207,384,256,,
429,45,car,0.612,839,186,879,216,,
429,50,car,0.612,781,201,827,242,,
429,43,car,0.581,10,224,93,267,,
429,60,car,0.488,511,148,541,174,,
429,64,car,0.434,459,132,492,151,,
430,54,car,0.827,913,282,980,337,,
430,57,car,0.737,462,271,541,333,,
430,44,car,0.697,757,150,785,173,,
430,50,car,0.669,779,199,828,240,,
430,51,car,0.646,358,239,428,287,,
430,46,car,0.613,308,208,378,259,,
430,45,car,0.597,838,185,876,215,,
430,64,car,0.529,454,133,489,151,,
430,43,car,0.459,0,225,82,269,,
430,60,car,0.459,508,148,539,175,,
431,54,car,0.807,907,279,974,332,,
431,51,car,0.725,347,241,424,291,,
431,44,car,0.704,757,148,784,171,,
431,57,car,0.692,468,269,547,326,,
431,50,car,0.669,778,197,830,237,,
431,45,car,0.633,836,184,874,213,,
431,64,car,0.591,451,132,488,152,,
431,46,car,0.574,302,210,372,259,,
431,43,car,0.558,0,228,73,270,,
431,65,car,0.450,442,131,489,154,,
431,60,car,0.412,506,148,538,175,,
432,54,car,0.806,907,279,974,332,,
432,51,car,0.724,347,241,424,291,,
432,44,car,0.696,757,149,784,172,,
432,57,car,0.692,468,269,547,326,,
432,50,car,0.670,778,197,830,238,,
432,45,car,0.634,836,184,874,213,,
432,64,car,0.592,451,132,488,152,,
432,46,car,0.574,302,210,372,259,,
432,43,car,0.557,0,228,73,270,,
432,65,car,0.450,442,131,489,154,,
432,60,car,0.411,506,148,538,175,,
433,54,car,0.806,903,275,971,329,,
433,57,car,0.727,475,264,552,321,,
433,44,car,0.711,757,148,783,170,,
433,46,car,0.698,297,214,365,265,,
433,50,car,0.655,779,197,833,236,,
433,45,car,0.619,834,183,872,214,,
433,64,car,0.607,453,132,486,153,,
433,60,car,0.546,504,149,537,175,,
433,51,car,0.545,343,242,414,295,,
433,65,car,0.452,443,131,486,154,,
433,43,car,0.394,0,230,63,274,,
434,54,car,0.776,901,273,965,323,,
434,66,car,0.771,209,650,405,717,,
434,57,car,0.748,480,257,556,313,,
434,51,car,0.676,334,248,406,301,,
434,45,car,0.674,833,183,871,211,,
434,46,car,0.655,288,217,360,269,,
434,50,car,0.644,778,195,828,232,,
434,44,car,0.642,756,147,782,168,,
434,43,car,0.587,0,230,55,277,,
434,64,car,0.483,449,131,483,154,,
434,60,car,0.405,504,149,535,175,,
435,54,car,0.785,899,268,961,321,,
435,51,car,0.773,322,252,401,306,,
435,57,car,0.749,489,255,560,306,,
435,46,car,0.720,280,218,354,270,,
435,50,car,0.655,777,195,826,231,,
435,44,car,0.653,756,147,782,167,,
435,45,car,0.597,832,183,870,210,,
435,60,car,0.586,498,150,534,177,,
435,43,car,0.553,0,233,43,274,,
435,64,car,0.446,444,131,481,156,,
435,67,car,0.411,351,160,391,182,,
436,54,car,0.822,898,265,958,315,,
436,51,car,0.761,311,256,395,311,,
436,46,car,0.751,273,220,349,274,,
436,57,car,0.680,493,249,565,302,,
436,50,car,0.674,773,191,824,229,,
436,44,car,0.615,756,147,780,168,,
436,60,car,0.597,496,151,532,179,,
436,67,car,0.597,346,160,388,182,,
436,45,car,0.581,832,182,868,210,,
436,64,car,0.566,442,132,479,156,,
437,51,car,0.819,305,259,385,316,,
437,54,car,0.813,895,261,955,312,,
437,46,car,0.747,265,221,344,279,,
437,68,car,0.724,1146,657,1279,720,,
437,57,car,0.705,501,247,572,296,,
437,50,car,0.648,774,188,830,228,,
437,64,car,0.622,441,132,478,158,,
437,44,car,0.587,756,147,779,167,,
437,67,car,0.559,343,160,384,183,,
437,45,car,0.486,831,180,866,207,,
437,60,car,0.486,494,152,532,179,,
438,51,car,0.821,305,259,385,316,,
438,54,car,0.812,895,261,955,312,,
438,46,car,0.746,265,221,344,279,,
438,68,car,0.722,1146,657,1279,720,,
438,57,car,0.705,501,247,572,296,,
438,50,car,0.651,774,188,830,228,,
438,64,car,0.624,441,132,478,158,,
438,44,car,0.577,756,147,779,167,,
438,67,car,0.569,343,160,384,183,,
438,60,car,0.489,494,152,532,179,,
438,45,car,0.486,831,180,866,207,,
438,69,car,0.373,0,239,21,275,,
439,51,car,0.857,295,262,379,323,,
439,68,car,0.785,1131,638,1279,719,,
439,54,car,0.767,894,259,951,308,,
439,46,car,0.764,256,224,337,282,,
439,50,car,0.686,775,188,819,226,,
439,57,car,0.672,507,242,575,290,,
439,67,car,0.655,339,160,381,184,,
439,64,car,0.565,441,133,477,158,,
439,44,car,0.512,755,146,779,167,,
439,45,car,0.391,830,179,865,205,,
439,60,car,0.316,492,152,526,180,,
440,51,car,0.857,295,262,379,323,,
440,68,car,0.783,1131,638,1279,719,,
440,54,car,0.768,894,259,951,308,,
440,46,car,0.764,256,224,337,282,,
440,50,car,0.686,775,188,819,226,,
440,57,car,0.672,507,242,575,290,,
440,67,car,0.653,339,160,381,184,,
440,64,car,0.557,441,133,477,158,,
440,44,car,0.512,755,146,779,167,,
440,69,car,0.428,0,241,11,280,,
440,45,car,0.391,830,179,865,205,,
440,60,car,0.316,492,152,526,180,,
441,68,car,0.843,1107,591,1280,719,,
441,51,car,0.787,273,273,360,335,,
441,54,car,0.770,891,256,944,303,,
441,57,car,0.675,518,234,584,284,,
441,46,car,0.662,240,233,321,291,,
441,50,car,0.648,772,186,817,222,,
441,64,car,0.592,440,133,474,159,,
441,60,car,0.519,489,154,524,183,,
441,44,car,0.455,755,144,778,164,,
441,45,car,0.387,827,179,862,202,,
442,70,car,0.881,319,511,485,653,,
442,68,car,0.834,1096,584,1279,720,,
442,51,car,0.829,262,278,351,342,,
442,46,car,0.791,232,232,316,294,,
442,54,car,0.765,886,252,939,299,,
442,64,car,0.645,439,133,472,158,,
442,57,car,0.593,522,231,585,278,,
442,50,car,0.552,770,184,816,221,,
442,60,car,0.549,486,157,520,183,,
442,45,car,0.511,825,178,859,201,,
442,44,car,0.445,755,145,779,164,,
442,67,car,0.385,325,164,370,188,,
443,68,car,0.871,1086,567,1273,716,,
443,70,car,0.861,334,496,494,633,,
443,46,car,0.838,222,236,308,300,,
443,51,car,0.776,250,281,343,350,,
443,54,car,0.675,883,250,938,297,,
443,64,car,0.660,438,134,469,158,,
443,60,car,0.630,482,158,516,183,,
443,57,car,0.614,526,227,589,273,,
443,45,car,0.521,823,176,857,200,,
443,67,car,0.518,320,162,366,189,,
443,72,car,0.512,512,128,544,152,,
443,44,car,0.510,754,145,778,163,,
443,50,car,0.507,768,183,815,218,,
443,71,car,0.436,769,187,831,221,,
444,68,car,0.871,1086,567,1273,716,,
444,70,car,0.860,334,496,494,633,,
444,46,car,0.839,222,236,308,300,,
444,51,car,0.775,250,281,343,350,,
444,54,car,0.674,883,250,938,297,,
444,64,car,0.660,438,134,469,158,,
444,60,car,0.629,482,158,516,183,,
444,57,car,0.610,526,227,589,273,,
444,45,car,0.523,823,176,858,200,,
444,67,car,0.516,320,162,366,189,,
444,72,car,0.512,512,129,544,152,,
444,50,car,0.511,768,183,815,218,,
444,44,car,0.505,754,145,778,163,,
444,71,car,0.436,769,187,831,221,,
444,73,car,0.385,771,182,806,213,,
445,68,car,0.897,1076,552,1258,694,,
445,70,car,0.813,347,480,502,613,,
445,51,car,0.765,235,288,332,356,,
445,46,car,0.733,214,239,302,301,,
445,64,car,0.665,437,134,467,159,,
445,50,car,0.640,768,183,814,215,,
445,60,car,0.631,480,159,516,186,,
445,57,car,0.628,531,225,591,268,,
445,54,car,0.586,881,246,933,293,,
445,72,car,0.569,511,129,544,152,,
445,45,car,0.537,823,175,857,199,,
445,67,car,0.512,315,163,363,190,,
445,44,car,0.361,753,144,777,162,,
446,68,car,0.871,1066,537,1241,675,,
446,70,car,0.831,362,465,510,591,,
446,51,car,0.798,224,294,321,365,,
446,46,car,0.793,202,240,293,306,,
446,54,car,0.680,878,243,930,290,,
446,50,car,0.629,767,181,808,214,,
446,64,car,0.609,432,134,466,161,,
446,57,car,0.597,537,222,594,264,,
446,60,car,0.577,478,159,514,188,,
446,72,car,0.548,510,131,541,151,,
446,67,car,0.521,312,164,358,192,,
446,44,car,0.452,753,143,777,162,,
446,45,car,0.451,822,174,856,197,,
447,68,car,0.863,1059,523,1225,654,,
447,51,car,0.833,213,300,312,373,,
447,70,car,0.810,373,453,516,573,,
447,67,car,0.724,307,166,354,193,,
447,46,car,0.683,194,246,287,311,,
447,54,car,0.633,877,244,927,287,,
447,50,car,0.602,767,180,814,213,,
447,57,car,0.557,540,217,598,260,,
447,72,car,0.548,510,131,539,151,,
447,60,car,0.537,475,158,512,189,,
447,64,car,0.523,431,135,464,161,,
447,45,car,0.465,818,172,854,196,,
447,44,car,0.350,753,143,778,161,,
448,70,car,0.885,385,442,524,558,,
448,68,car,0.844,1048,508,1210,636,,
448,51,car,0.832,195,307,301,381,,
448,54,car,0.700,875,240,924,283,,
448,46,car,0.700,185,250,279,317,,
448,67,car,0.681,301,166,350,194,,
448,50,car,0.645,766,180,810,212,,
448,60,car,0.541,473,159,510,191,,
448,57,car,0.531,544,216,602,258,,
448,72,car,0.517,508,131,539,151,,
448,45,car,0.508,816,171,852,195,,
448,44,car,0.354,753,142,777,161,,
448,64,car,0.320,429,137,462,161,,
449,70,car,0.902,396,431,530,542,,
449,68,car,0.850,1039,481,1199,618,,
449,51,car,0.842,180,314,293,391,,
449,46,car,0.765,174,253,269,318,,
449,67,car,0.679,296,166,347,195,,
449,54,car,0.672,875,238,922,280,,
449,50,car,0.620,765,178,814,211,,
449,45,car,0.576,816,171,851,194,,
449,57,car,0.559,550,214,608,254,,
449,60,car,0.530,471,161,508,191,,
449,72,car,0.429,505,131,537,151,,
449,44,car,0.256,753,142,777,161,,
450,70,car,0.901,396,431,530,542,,
450,68,car,0.850,1039,481,1199,618,,
450,51,car,0.843,180,314,293,391,,
450,46,car,0.765,174,253,269,318,,
450,67,car,0.679,296,166,347,195,,
450,54,car,0.672,875,238,922,280,,
450,50,car,0.619,765,178,814,211,,
450,45,car,0.576,816,171,851,194,,
450,57,car,0.559,550,214,607,254,,
450,60,car,0.530,471,161,508,191,,
450,72,car,0.429,505,131,537,151,,
450,44,car,0.257,753,142,777,161,,
